%  label: Unnamed trial, 17/03/22 02-30-00
%  population_size: 1024
%  mutation_rate: 0.45
%  max_generations: 200000
%  selection_method: Tournement
%  t_size: 4
%  brood_size: 2
%  min_start_len: 2
%  max_start_len: 32
%  max_len: 256
%  fit_goal: 0
%  cuck_rate: 0.15
%  threads: 8
%  num_demes: 4
%  migration: 0.1
%  use_viscosity: true
%  outregs: [0, 1, 2, 3, 4, 5, 6, 7, 8, 9, 10, 11, 12, 13, 14]
%  inregs: [0, 1, 2, 3]
%  binary_path: /home/oblivia/Projects/roper/data/tomato-RT-N18U-httpd

ITERATION,AVG-GEN,AVG-FIT,AVG-CRASH,BEST-GEN,BEST-FIT,BEST-CRASH,AVG-LENGTH,BEST-LENGTH,UNSEEN
1,0.001953125,0.76560843,1,0,0.7415453,1,16.888672,11,0.9980469
2,0.00390625,0.75758743,1,0,0.7415453,1,16.871094,11,0.9970703
3,0.005859375,0.7781871,1,0,0.7415453,1,16.86621,11,0.9951172
4,0.0078125,0.76771796,1,0,0.7415453,1,16.857422,11,0.99316406
5,0.009765625,0.77655727,1,0,0.7214552,1,16.868164,27,0.99121094
6,0.01171875,0.76812536,1,0,0.71881807,1,16.875977,22,0.9892578
7,0.013671875,0.7705259,1,0,0.6977908,1,16.875977,17,0.9873047
8,0.015625,0.76131296,1,0,0.64154536,1,16.874023,9,0.9863281
9,0.017578125,0.76728475,1,0,0.64154536,1,16.889648,9,0.984375
10,0.01953125,0.76442486,1,0,0.64154536,1,16.916016,9,0.9824219
11,0.021484375,0.76213694,1,0,0.64154536,1,16.907227,9,0.98046875
12,0.0234375,0.760265,1,0,0.64154536,1,16.950195,9,0.9785156
13,0.025390625,0.757884,1,0,0.64154536,1,16.949219,9,0.9765625
14,0.02734375,0.7541304,1,0,0.64154536,1,16.9375,9,0.9746094
15,0.029296875,0.7446123,0.96428573,0,0.500209,0,16.911133,3,0.97265625
16,0.03125,0.7281164,0.93333334,0,0.25810552,0,16.876953,24,0.9707031
17,0.033203125,0.7368868,0.9354839,0,0.25810552,0,16.881836,24,0.96972656
18,0.03515625,0.7460641,0.93939394,0,0.25810552,0,16.847656,24,0.96777344
19,0.037109375,0.7458059,0.94285715,0,0.25810552,0,16.878906,24,0.9658203
20,0.0390625,0.74568754,0.9444444,0,0.25810552,0,16.889648,24,0.96484375
21,0.041015625,0.74546957,0.94736844,0,0.25810552,0,16.885742,24,0.9628906
22,0.04296875,0.7474183,0.95,0,0.25810552,0,16.874023,24,0.9609375
23,0.044921875,0.7471386,0.95238096,0,0.25810552,0,16.858398,24,0.9589844
24,0.046875,0.74589,0.95454544,0,0.25810552,0,16.845703,24,0.95703125
25,0.048828125,0.74727046,0.95555556,0,0.25810552,0,16.838867,24,0.9560547
26,0.05078125,0.74702686,0.9574468,0,0.25810552,0,16.808594,24,0.95410156
27,0.052734375,0.7469127,0.9583333,0,0.25810552,0,16.785156,24,0.953125
28,0.0546875,0.74942327,0.96,0,0.25810552,0,16.80664,24,0.9511719
29,0.056640625,0.7505449,0.96153843,0,0.25810552,0,16.829102,24,0.94921875
30,0.05859375,0.73146445,0.9259259,0,0.17720826,0,16.782227,23,0.9472656
31,0.060546875,0.7195476,0.91071427,0,0.0977908,0,16.801758,18,0.9453125
32,0.060546875,0.69937617,0.87931037,0,0.0069491905,0,16.791016,22,0.9433594
33,0.0625,0.70447147,0.88135594,0,0.0069491905,0,16.77539,22,0.9423828
34,0.064453125,0.705687,0.8852459,0,0.0069491905,0,16.75879,22,0.9404297
35,0.06640625,0.7094056,0.8888889,0,0.0069491905,0,16.75293,22,0.93847656
36,0.068359375,0.7100449,0.8923077,0,0.0069491905,0,16.763672,22,0.93652344
37,0.0703125,0.7103322,0.8955224,0,0.0069491905,0,16.773438,22,0.9345703
38,0.072265625,0.7094026,0.89855075,0,0.0069491905,0,16.783203,22,0.9326172
39,0.07421875,0.70399797,0.8873239,0,0.0069491905,0,16.802734,22,0.93066406
40,0.076171875,0.69865805,0.8767123,0,0.0069491905,0,16.760742,22,0.92871094
41,0.078125,0.6968076,0.8767123,0,0.0069491905,0,16.750977,22,0.92871094
42,0.080078125,0.69800067,0.88,0,0.0069491905,0,16.780273,22,0.9267578
43,0.08203125,0.7005332,0.8831169,0,0.0069491905,0,16.779297,22,0.9248047
44,0.083984375,0.70157146,0.886076,0,0.0069491905,0,16.805664,22,0.92285156
45,0.0859375,0.7025585,0.8888889,0,0.0069491905,0,16.799805,22,0.92089844
46,0.087890625,0.70250034,0.8902439,0,0.0069491905,0,16.80371,22,0.9199219
47,0.08984375,0.69628716,0.88095236,0,0.0069491905,0,16.824219,22,0.91796875
48,0.091796875,0.68976074,0.87058824,0,0.0069491905,0,16.81543,22,0.9169922
49,0.095703125,0.6945667,0.87356323,0,0.0069491905,0,16.848633,22,0.91503906
50,0.099609375,0.6921636,0.875,0,0.0069491905,0,16.859375,22,0.9140625
51,0.10253906,0.6921045,0.8764045,0,0.0069491905,0,16.832031,22,0.91308594
52,0.10449219,0.6931911,0.8791209,0,0.0069491905,0,16.82129,22,0.9111328
53,0.10644531,0.6877794,0.87096775,0,0.0069491905,0,16.802734,22,0.9091797
54,0.107421875,0.6819684,0.86170214,0,0.0069491905,0,16.80371,22,0.9082031
55,0.109375,0.6721167,0.84375,0,0.0069491905,0,16.807617,22,0.90625
56,0.111328125,0.6674112,0.8367347,0,0.0069491905,0,16.832031,22,0.9042969
57,0.11328125,0.6685202,0.83838385,0,0.0069491905,0,16.850586,22,0.9033203
58,0.115234375,0.6685202,0.8181818,0,0.0069491905,0,16.84668,22,0.9033203
59,0.11621094,0.66777503,0.8061224,0,0.0069491905,0,16.847656,22,0.9042969
60,0.1171875,0.66399485,0.7979798,0,0.0069491905,0,16.83789,22,0.9033203
61,0.119140625,0.66012114,0.78,0,0.0069491905,0,16.804688,22,0.90234375
62,0.123046875,0.65583533,0.7745098,0,0.0069491905,0,16.800781,22,0.9003906
63,0.12695313,0.6517144,0.7692308,0,0.0069491905,0,16.798828,22,0.8984375
64,0.12890625,0.64722836,0.7641509,0,0.0069491905,0,16.797852,22,0.8964844
65,0.13085938,0.64722836,0.754717,0,0.0069491905,0,16.801758,22,0.8964844
66,0.13476563,0.648975,0.7592593,0,0.0069491905,0,16.83789,22,0.89453125
67,0.13671875,0.6506581,0.76363635,0,0.0069491905,0,16.829102,22,0.8925781
68,0.13769531,0.6522811,0.76785713,0,0.0069491905,0,16.84082,22,0.890625
69,0.13964844,0.65211606,0.7699115,0,0.0069491905,0,16.842773,22,0.88964844
70,0.14160156,0.6525167,0.7719298,0,0.0069491905,0,16.87207,22,0.8886719
71,0.14355469,0.6525167,0.7631579,0,0.0069491905,0,16.896484,22,0.8886719
72,0.14550781,0.64459723,0.75,0,0.0069491905,0,16.879883,22,0.88671875
73,0.14941406,0.6462404,0.7542373,0,0.0069491905,0,16.899414,22,0.8847656
74,0.15136719,0.6470414,0.7478992,0,0.0069491905,0,16.902344,22,0.88378906
75,0.15332031,0.6486034,0.75206614,0,0.0069491905,0,16.925781,22,0.88183594
76,0.15722656,0.6501019,0.75609756,0,0.0069491905,0,16.954102,22,0.8798828
77,0.15917969,0.65115935,0.76,0,0.0069491905,0,16.95996,22,0.8779297
78,0.16113281,0.65115935,0.744,0,0.0069491905,0,16.955078,22,0.8779297
79,0.1640625,0.6478583,0.7401575,0,0.0069491905,0,16.958984,22,0.87597656
80,0.16796875,0.65060943,0.7421875,0,0.0069491905,0,17.007813,22,0.875
81,0.171875,0.65131444,0.7364341,0,0.0069491905,0,17.032227,22,0.87402344
82,0.17382813,0.65200853,0.73846155,0,0.0069491905,0,17.03711,22,0.8730469
83,0.17578125,0.652692,0.73282444,0,0.0069491905,0,17.030273,22,0.8720703
84,0.17773438,0.65476346,0.7368421,0,0.0069491905,0,17.02539,22,0.8701172
85,0.1796875,0.6556189,0.7407407,0,0.0069491905,0,17.072266,22,0.86816406
86,0.18164063,0.65258366,0.7352941,0,0.0069491905,0,17.072266,22,0.8671875
87,0.18359375,0.65258366,0.7352941,0,0.0069491905,0,17.047852,22,0.8671875
88,0.18652344,0.6497043,0.729927,0,0.0069491905,0,17.029297,22,0.86621094
89,0.1875,0.65147114,0.73188406,0,0.0069491905,0,17.018555,22,0.8652344
90,0.1875,0.6538435,0.73571426,0,0.0069491905,0,17.03711,22,0.86328125
91,0.19042969,0.65507877,0.7394366,0,0.0069491905,0,17.010742,22,0.8613281
92,0.19238281,0.65568346,0.74125874,0,0.0069491905,0,17.03711,22,0.86035156
93,0.19335938,0.6578439,0.74482757,0,0.0069491905,0,17.073242,22,0.85839844
94,0.1953125,0.65962404,0.7482993,0,0.0069491905,0,17.048828,22,0.8564453
95,0.19726563,0.6585469,0.7432432,0,0.0069491905,0,17.041016,22,0.85546875
96,0.20117188,0.65475625,0.74,0,0.0069491905,0,17.021484,22,0.8535156
97,0.203125,0.6585985,0.7434211,0,0.0069491905,0,17.076172,22,0.8515625
98,0.20898438,0.6591405,0.74509805,0,0.0069491905,0,17.070313,22,0.85058594
99,0.21289063,0.6599216,0.7483871,0,0.0069491905,0,17.05664,22,0.8486328
100,0.21484375,0.65810776,0.7452229,0,0.0069491905,0,17.045898,22,0.8466797
101,0.21582031,0.65580034,0.74050635,0,0.0069491905,0,17.057617,22,0.8457031
102,0.21777344,0.65352196,0.7295597,0,0.0069491905,0,17.057617,22,0.84472656
103,0.22070313,0.6540721,0.73125,0,0.0069491905,0,17.036133,22,0.84375
104,0.22460938,0.6553873,0.7329193,0,0.0069491905,0,17.02246,22,0.84277344
105,0.22949219,0.655152,0.7345679,0,0.0069491905,0,17.00586,22,0.8417969
106,0.22949219,0.6562056,0.7378049,0,0.0069491905,0,17.023438,22,0.83984375
107,0.23242188,0.65723383,0.7409639,0,0.0069491905,0,16.980469,22,0.8378906
108,0.23632813,0.6597759,0.74404764,0,0.0069491905,0,17.009766,22,0.8359375
109,0.2421875,0.660573,0.7470588,0,0.0069491905,0,17.017578,22,0.8339844
110,0.24414063,0.660573,0.7352941,0,0.0069491905,0,17.010742,22,0.8339844
111,0.24609375,0.66116446,0.7383721,0,0.0069491905,0,17.021484,22,0.83203125
112,0.25,0.6624473,0.7398844,0,0.0069491905,0,17.058594,22,0.8310547
113,0.25195313,0.6637753,0.7356322,0,0.0069491905,0,17.032227,22,0.8300781
114,0.2529297,0.6646591,0.7386364,0,0.0069491905,0,17.029297,22,0.828125
115,0.25390625,0.6636837,0.73595506,0,0.0069491905,0,17.010742,22,0.8261719
116,0.25585938,0.662258,0.73333335,0,0.0069491905,0,17.007813,22,0.82421875
117,0.2578125,0.662258,0.73333335,0,0.0069491905,0,16.980469,22,0.82421875
118,0.26171875,0.65938115,0.7237569,0,0.0069491905,0,16.960938,22,0.8232422
119,0.26367188,0.65653586,0.7197802,0,0.0069491905,0,16.96875,22,0.8222656
120,0.26757813,0.65656614,0.72131145,0,0.0069491905,0,16.944336,22,0.82128906
121,0.27441406,0.6574848,0.72432435,0,0.0069491905,0,16.923828,22,0.81933594
122,0.27539063,0.6579368,0.72043014,0,0.0069491905,0,16.87793,22,0.8183594
123,0.27929688,0.65882623,0.7234042,0,0.0069491905,0,16.859375,22,0.81640625
124,0.28125,0.6592639,0.7195767,0,0.0069491905,0,16.84082,22,0.8154297
125,0.28320313,0.6582206,0.7195767,0,0.0069491905,0,16.874023,22,0.8154297
126,0.28515625,0.6600194,0.7157895,0,0.0069491905,0,16.896484,22,0.8144531
127,0.28710938,0.65958804,0.7089947,0,0.0069491905,0,16.90625,22,0.8154297
128,0.29296875,0.65453696,0.7015707,0,0.0069491905,0,16.89746,22,0.81347656
129,0.2939453,0.6554386,0.7046632,0,0.0069491905,0,16.916992,22,0.81152344
130,0.29589844,0.65632176,0.7076923,0,0.0069491905,0,16.887695,22,0.8095703
131,0.29785156,0.6566881,0.7091837,0,0.0069491905,0,16.854492,22,0.80859375
132,0.3017578,0.6541791,0.70408165,0,0.0069491905,0,16.829102,22,0.80859375
133,0.30273438,0.65180707,0.6989796,0,0.0069491905,0,16.813477,22,0.80859375
134,0.3046875,0.6499026,0.6903553,0,0.0069491905,0,16.830078,22,0.8076172
135,0.30859375,0.6491465,0.68686867,0,0.0069491905,0,16.811523,22,0.8066406
136,0.31152344,0.6468214,0.685,0,0.0069491905,0,16.807617,22,0.8046875
137,0.31347656,0.6475531,0.6865672,0,0.0069491905,0,16.801758,22,0.80371094
138,0.3154297,0.6475531,0.68159205,0,0.0069491905,0,16.83789,22,0.80371094
139,0.32128906,0.6484792,0.68472904,0,0.0069491905,0,16.871094,22,0.8017578
140,0.3251953,0.65004617,0.6878049,0,0.0069491905,0,16.874023,22,0.7998047
141,0.32910156,0.6509302,0.69082123,0,0.0069491905,0,16.861328,22,0.79785156
142,0.33496094,0.65244365,0.6937799,0,0.0069491905,0,16.889648,22,0.79589844
143,0.33691406,0.6503,0.68899524,0,0.0069491905,0,16.88379,22,0.79589844
144,0.3408203,0.6503,0.68899524,0,0.0069491905,0,16.88379,22,0.79589844
145,0.34375,0.6503,0.68421054,0,0.0069491905,0,16.896484,22,0.79589844
146,0.34765625,0.64904165,0.6824645,0,0.0069491905,0,16.90039,22,0.7939453
147,0.35058594,0.64691836,0.67772514,0,0.0069491905,0,16.888672,22,0.7939453
148,0.35351563,0.64479506,0.6729858,0,0.0069491905,0,16.914063,22,0.7939453
149,0.3544922,0.64267176,0.66824645,0,0.0069491905,0,16.938477,22,0.7939453
150,0.35546875,0.6409452,0.6650943,0,0.0069491905,0,16.941406,22,0.79296875
151,0.3564453,0.63788706,0.6619718,0,0.0069491905,0,16.955078,22,0.7919922
152,0.35839844,0.63837147,0.6635514,0,0.0069491905,0,16.953125,22,0.7910156
153,0.36035156,0.6394796,0.66511625,0,0.0069491905,0,16.978516,22,0.79003906
154,0.3642578,0.6394796,0.65581393,0,0.0069491905,0,16.986328,22,0.79003906
155,0.37109375,0.63995206,0.6574074,0,0.0069491905,0,16.96289,22,0.7890625
156,0.37402344,0.64088416,0.6605505,0,0.0069491905,0,16.987305,22,0.7871094
157,0.3798828,0.6413438,0.65753424,0,0.0069491905,0,17,22,0.7861328
158,0.38378906,0.64190125,0.6606335,0,0.0069491905,0,16.97168,22,0.7841797
159,0.3876953,0.6414484,0.65909094,0,0.0069491905,0,16.953125,22,0.78515625
160,0.39160156,0.6391863,0.6561086,0,0.0069491905,0,16.958008,22,0.7841797
161,0.3935547,0.6394894,0.6576577,0,0.0069491905,0,17.014648,22,0.7832031
162,0.39941406,0.640049,0.66071427,0,0.0069491905,0,17.029297,22,0.78125
163,0.40527344,0.64102286,0.65929204,0,0.0069491905,0,17.017578,22,0.7792969
164,0.4091797,0.6405761,0.6577778,0,0.0069491905,0,17.006836,22,0.78027344
165,0.41308594,0.6385849,0.6533333,0,0.0069491905,0,16.976563,22,0.78027344
166,0.41308594,0.63695866,0.6504425,0,0.0069491905,0,16.929688,22,0.7792969
167,0.41503906,0.6347762,0.6475771,0,0.0069491905,0,16.902344,22,0.7783203
168,0.41601563,0.63524455,0.64912283,0,0.0069491905,0,16.90039,22,0.77734375
169,0.41796875,0.63570875,0.65065503,0,0.0069491905,0,16.890625,22,0.7763672
170,0.4267578,0.63616884,0.65217394,0,0.0069491905,0,16.888672,22,0.7753906
171,0.42871094,0.6381913,0.6551724,0,0.0069491905,0,16.862305,22,0.7734375
172,0.43066406,0.63760906,0.6551724,0,0.0069491905,0,16.856445,22,0.7734375
173,0.43359375,0.6384975,0.6581197,0,0.0069491905,0,16.828125,22,0.7714844
174,0.4375,0.63893604,0.65957445,0,0.0069491905,0,16.819336,22,0.7705078
175,0.43847656,0.63740075,0.65254235,0,0.0069491905,0,16.822266,22,0.76953125
176,0.44628906,0.635459,0.64978904,0,0.0069491905,0,16.813477,22,0.7685547
177,0.45117188,0.637432,0.6527197,0,0.0069491905,0,16.794922,22,0.76660156
178,0.453125,0.637432,0.6527197,0,0.0069491905,0,16.791016,22,0.76660156
179,0.4560547,0.6378658,0.65416664,0,0.0069491905,0,16.800781,22,0.765625
180,0.4580078,0.63829595,0.6514523,0,0.0069491905,0,16.810547,22,0.76464844
181,0.4609375,0.6385419,0.6528926,0,0.0069491905,0,16.831055,22,0.7636719
182,0.46484375,0.6392068,0.6557377,0,0.0069491905,0,16.802734,22,0.76171875
183,0.47070313,0.6375997,0.6544715,0,0.0069491905,0,16.77246,22,0.7597656
184,0.47460938,0.638165,0.65587044,0,0.0069491905,0,16.807617,22,0.75878906
185,0.47851563,0.6400334,0.65863454,0,0.0069491905,0,16.764648,22,0.75683594
186,0.484375,0.641872,0.6613546,0,0.0069491905,0,16.768555,22,0.7548828
187,0.4873047,0.64246017,0.6640316,0,0.0069491905,0,16.793945,22,0.7529297
188,0.48828125,0.6426022,0.6614173,0,0.0069491905,0,16.807617,22,0.7519531
189,0.49414063,0.6406824,0.65625,0,0.0069491905,0,16.80371,22,0.75
190,0.49804688,0.6406824,0.65625,0,0.0069491905,0,16.823242,22,0.75
191,0.5,0.6367955,0.6498054,0,0.0069491905,0,16.792969,22,0.74902344
192,0.5019531,0.63527626,0.64728683,0,0.0069491905,0,16.825195,22,0.7480469
193,0.5048828,0.6360937,0.65,0,0.0069491905,0,16.816406,22,0.74609375
194,0.5058594,0.6364977,0.6475096,0,0.0069491905,0,16.828125,22,0.7451172
195,0.50683594,0.637359,0.6450382,0,0.0069491905,0,16.824219,22,0.7441406
196,0.50878906,0.6382697,0.6425856,0,0.0069491905,0,16.801758,22,0.74316406
197,0.5126953,0.6373599,0.64122134,0,0.0069491905,0,16.827148,22,0.7441406
198,0.51464844,0.63798344,0.6439394,0,0.0069491905,0,16.825195,22,0.7421875
199,0.51660156,0.638182,0.64528304,0,0.0069491905,0,16.783203,22,0.74121094
200,0.5214844,0.6369631,0.64528304,0,0.0069491905,0,16.80957,22,0.74121094
201,0.5253906,0.6379954,0.6479401,0,0.0069491905,0,16.774414,22,0.7392578
202,0.5292969,0.63793206,0.6441948,0,0.0069491905,0,16.736328,22,0.7392578
203,0.53125,0.6383187,0.64179105,0,0.0069491905,0,16.723633,22,0.73828125
204,0.5371094,0.63853985,0.6431227,0,0.0069491905,0,16.717773,22,0.7373047
205,0.5390625,0.6381135,0.6431227,0,0.0069491905,0,16.735352,22,0.7373047
206,0.5419922,0.63683724,0.63703704,0,0.0069491905,0,16.730469,22,0.7363281
207,0.53808594,0.63683724,0.6333333,0,0.0069491905,0,16.746094,22,0.7363281
208,0.5419922,0.63490933,0.6296296,0,0.0069491905,0,16.808594,22,0.7363281
209,0.54785156,0.63477725,0.6259259,0,0.0069491905,0,16.833984,22,0.7363281
210,0.5517578,0.6355624,0.6286765,0,0.0069491905,0,16.854492,22,0.734375
211,0.55371094,0.6359506,0.63003665,0,0.0069491905,0,16.84375,22,0.73339844
212,0.5595703,0.6360543,0.6277372,0,0.0069491905,0,16.827148,22,0.7324219
213,0.56152344,0.63347,0.62271065,0,0.0069491905,0,16.84668,22,0.73339844
214,0.5644531,0.6317744,0.620438,0,0.0069491905,0,16.854492,22,0.7324219
215,0.5673828,0.6301393,0.6167883,0,0.0069491905,0,16.85254,22,0.7324219
216,0.56640625,0.6301393,0.6167883,0,0.0069491905,0,16.855469,22,0.7324219
217,0.5722656,0.6301393,0.609489,0,0.0069491905,0,16.887695,22,0.7324219
218,0.5761719,0.6305444,0.6109091,0,0.0069491905,0,16.871094,22,0.7314453
219,0.578125,0.63171405,0.6137184,0,0.0069491905,0,16.881836,22,0.7294922
220,0.5800781,0.63171405,0.6137184,0,0.0069491905,0,16.879883,22,0.7294922
221,0.5839844,0.6323445,0.61648744,0,0.0069491905,0,16.875977,22,0.72753906
222,0.5859375,0.6323445,0.61648744,0,0.0069491905,0,16.86914,22,0.72753906
223,0.5888672,0.63110965,0.6142857,0,0.0069491905,0,16.886719,22,0.7265625
224,0.59375,0.62898105,0.61290324,0,0.0069491905,0,16.895508,22,0.72753906
225,0.5957031,0.63059646,0.61565834,0,0.0069491905,0,16.881836,22,0.72558594
226,0.59765625,0.63098997,0.6134752,0,0.0069491905,0,16.899414,22,0.7246094
227,0.60546875,0.6314967,0.61619717,0,0.0069491905,0,16.890625,22,0.72265625
228,0.60546875,0.6299192,0.6126761,0,0.0069491905,0,16.896484,22,0.72265625
229,0.61035156,0.6290742,0.6118881,0,0.0069491905,0,16.876953,22,0.7207031
230,0.61621094,0.6286252,0.6097561,0,0.0069491905,0,16.867188,22,0.71972656
231,0.62109375,0.626934,0.6076389,0,0.0069491905,0,16.914063,22,0.71875
232,0.62402344,0.6235865,0.6034483,0,0.0069491905,0,16.916016,22,0.7167969
233,0.625,0.6235865,0.6,0,0.0069491905,0,16.916016,22,0.7167969
234,0.625,0.6243944,0.60273975,0,0.0069491905,0,16.910156,22,0.71484375
235,0.62890625,0.62515056,0.60544217,0,0.0069491905,0,16.881836,22,0.7128906
236,0.6308594,0.62554514,0.60338986,0,0.0069491905,0,16.88086,22,0.71191406
237,0.6347656,0.62481785,0.6026936,0,0.0069491905,0,16.893555,22,0.70996094
238,0.63671875,0.6252095,0.60402685,0,0.0069491905,0,16.90039,22,0.7089844
239,0.64746094,0.6237112,0.6020067,0,0.0069491905,0,16.879883,22,0.7080078
240,0.6464844,0.6233158,0.6006711,0,0.0069491905,0,16.863281,22,0.7089844
241,0.6503906,0.6237112,0.5986622,0,0.0069491905,0,16.867188,22,0.7080078
242,0.65625,0.62309146,0.6,0,0.0069491905,0,16.879883,22,0.70703125
243,0.6591797,0.6232285,0.59800667,0,0.0069491905,0,16.871094,22,0.7060547
244,0.6611328,0.62203306,0.5960265,0,0.0069491905,0,16.858398,22,0.7050781
245,0.6669922,0.61931115,0.5907591,0,0.0069491905,0,16.858398,22,0.70410156
246,0.67089844,0.61691964,0.58278143,0,0.0069491905,0,16.87207,22,0.7050781
247,0.6767578,0.6149527,0.5808581,0,0.0069491905,0,16.890625,22,0.70410156
248,0.67871094,0.61590713,0.58471763,0,0.0069491905,0,16.873047,22,0.7060547
249,0.6826172,0.61703146,0.5874587,0,0.0069491905,0,16.874023,22,0.70410156
250,0.6845703,0.61703146,0.5808581,0,0.0069491905,0,16.886719,22,0.70410156
251,0.68359375,0.6166191,0.57615894,0,0.0069491905,0,16.888672,22,0.7050781
252,0.6845703,0.61703146,0.57425743,0,0.0069491905,0,16.895508,22,0.70410156
253,0.6904297,0.61530054,0.57236844,0,0.0069491905,0,16.902344,22,0.703125
254,0.6953125,0.6131829,0.5690789,0,0.0069491905,0,16.91504,22,0.703125
255,0.69628906,0.6114931,0.5672131,0,0.0069491905,0,16.942383,22,0.70214844
256,0.6972656,0.61012477,0.56677526,0,0.0069491905,0,16.927734,22,0.7001953
257,0.7011719,0.61012477,0.5635179,0,0.0069491905,0,16.926758,22,0.7001953
258,0.70703125,0.6096953,0.5588235,0,0.0069491905,0,16.961914,22,0.7011719
259,0.7089844,0.6101248,0.55700326,0,0.0069491905,0,16.978516,22,0.7001953
260,0.7128906,0.61097544,0.55987054,0,0.0069491905,0,16.987305,22,0.6982422
261,0.7167969,0.6113966,0.5612903,0,0.0069491905,0,16.979492,22,0.6972656
262,0.7246094,0.61108655,0.5612903,0,0.0069491905,0,16.981445,22,0.6972656
263,0.7294922,0.60915107,0.5580645,0,0.0069491905,0,16.957031,22,0.6972656
264,0.7314453,0.6081362,0.5562701,0,0.0069491905,0,17.001953,22,0.69628906
265,0.73535156,0.60811013,0.5576923,0,0.0069491905,0,17.00293,22,0.6953125
266,0.7363281,0.6083834,0.55910546,0,0.0069491905,0,17.004883,22,0.69433594
267,0.7373047,0.6088075,0.5573248,0,0.0069491905,0,16.976563,22,0.6933594
268,0.7441406,0.6088075,0.55414015,0,0.0069491905,0,16.956055,22,0.6933594
269,0.7451172,0.6088075,0.55414015,0,0.0069491905,0,16.985352,22,0.6933594
270,0.75683594,0.6074374,0.5492064,0,0.0069491905,0,17.003906,22,0.6923828
271,0.7597656,0.6078618,0.5506329,0,0.0069491905,0,17.039063,22,0.69140625
272,0.76660156,0.6078421,0.5506329,0,0.0069491905,0,17.009766,22,0.69140625
273,0.77246094,0.6094883,0.5534591,0,0.0069491905,0,17.00293,22,0.6894531
274,0.7753906,0.6094883,0.5534591,0,0.0069491905,0,17.046875,22,0.6894531
275,0.7783203,0.61031365,0.55625,0,0.0069491905,0,17.044922,22,0.6875
276,0.78027344,0.61039263,0.5576324,0,0.0069491905,0,17.067383,22,0.68652344
277,0.78027344,0.61039263,0.5576324,0,0.0069491905,0,17.064453,22,0.68652344
278,0.78808594,0.6089854,0.55590063,0,0.0069491905,0,17.09082,22,0.6855469
279,0.7871094,0.6089854,0.55279505,0,0.0069491905,0,17.106445,22,0.6855469
280,0.7871094,0.60698617,0.5496894,0,0.0069491905,0,17.121094,22,0.6855469
281,0.78808594,0.60862595,0.55246913,0,0.0069491905,0,17.114258,22,0.68359375
282,0.7919922,0.6088214,0.5538462,0,0.0069491905,0,17.157227,22,0.6826172
283,0.7949219,0.6088214,0.5476923,0,0.0069491905,0,17.114258,22,0.6826172
284,0.79785156,0.6076669,0.54012346,0,0.0069491905,0,17.143555,22,0.68359375
285,0.80371094,0.60753185,0.54012346,0,0.0069491905,0,17.177734,22,0.68359375
286,0.8154297,0.6060743,0.537037,0,0.0069491905,0,17.15918,22,0.68359375
287,0.82128906,0.60475475,0.5353846,0,0.0069491905,0,17.169922,22,0.6826172
288,0.8251953,0.6037565,0.5351682,0,0.0069491905,0,17.15039,22,0.68066406
289,0.82714844,0.6044382,0.5365854,0,0.0069491905,0,17.134766,22,0.6796875
290,0.8300781,0.60526913,0.53939396,0,0.0069491905,0,17.134766,22,0.6777344
291,0.8359375,0.6061085,0.5377644,0,0.0069491905,0,17.14746,22,0.6767578
292,0.8417969,0.60526913,0.53636366,0,0.0069491905,0,17.136719,22,0.6777344
293,0.8486328,0.60464627,0.53614455,0,0.0069491905,0,17.185547,22,0.67578125
294,0.8515625,0.6036734,0.53614455,0,0.0069491905,0,17.1875,22,0.67578125
295,0.8544922,0.6036734,0.53313255,0,0.0069491905,0,17.175781,22,0.67578125
296,0.85546875,0.6040874,0.5345345,0,0.0069491905,0,17.169922,22,0.6748047
297,0.8564453,0.604499,0.53592813,0,0.0069491905,0,17.172852,22,0.6738281
298,0.8574219,0.604499,0.53592813,0,0.0069491905,0,17.208008,22,0.6738281
299,0.859375,0.6040874,0.5345345,0,0.0069491905,0,17.202148,22,0.6748047
300,0.8623047,0.6031799,0.5315315,0,0.0069491905,0,17.19043,22,0.6748047
301,0.8691406,0.60140854,0.5315315,0,0.0069491905,0,17.183594,22,0.6748047
302,0.8701172,0.60048676,0.5269461,0,0.0069491905,0,17.16211,22,0.6738281
303,0.8779297,0.59879714,0.52095807,0,0.0069491905,0,17.171875,22,0.6738281
304,0.8798828,0.59743226,0.519403,0,0.0069491905,0,17.154297,22,0.67285156
305,0.8847656,0.5981384,0.51785713,0,0.0069491905,0,17.15625,22,0.671875
306,0.88183594,0.599076,0.51632047,0,0.0069491905,0,17.166992,22,0.67089844
307,0.8857422,0.5994975,0.52071005,0,0.0069491905,0,17.166016,22,0.6699219
308,0.88671875,0.5999165,0.5221239,0,0.0069491905,0,17.138672,22,0.6689453
309,0.8886719,0.6003331,0.5235294,0,0.0069491905,0,17.154297,22,0.66796875
310,0.88964844,0.6003331,0.5235294,0,0.0069491905,0,17.135742,22,0.66796875
311,0.8925781,0.5990052,0.5205882,0,0.0069491905,0,17.138672,22,0.66796875
312,0.8964844,0.5976637,0.51906157,0,0.0069491905,0,17.152344,22,0.6669922
313,0.8984375,0.5976637,0.51906157,0,0.0069491905,0,17.103516,22,0.6669922
314,0.9003906,0.5976637,0.51319647,0,0.0069491905,0,17.072266,22,0.6669922
315,0.90625,0.5976637,0.5102639,0,0.0069491905,0,17.113281,22,0.6669922
316,0.9160156,0.5985026,0.5131195,0,0.0069491905,0,17.088867,22,0.66503906
317,0.9189453,0.59863234,0.51304346,0,0.0069491905,0,17.083984,22,0.66308594
318,0.9248047,0.59775054,0.5086705,0,0.0069491905,0,17.083008,22,0.6621094
319,0.9267578,0.59653085,0.5072464,0,0.0069491905,0,17.05957,22,0.66308594
320,0.9296875,0.59653085,0.5072464,0,0.0069491905,0,17.0625,22,0.66308594
321,0.9345703,0.59695,0.50578034,0,0.0069491905,0,17.036133,22,0.6621094
322,0.9355469,0.59761393,0.50432277,0,0.0069491905,0,17.04004,22,0.6611328
323,0.9394531,0.5980276,0.50287354,0,0.0069491905,0,17.00586,22,0.66015625
324,0.94433594,0.59761393,0.50432277,0,0.0069491905,0,16.981445,22,0.6611328
325,0.9501953,0.5954528,0.50287354,0,0.0069491905,0,16.988281,22,0.66015625
326,0.953125,0.5954528,0.50287354,0,0.0069491905,0,16.993164,22,0.66015625
327,0.9628906,0.59418184,0.50143266,0,0.0069491905,0,17.038086,22,0.6591797
328,0.96972656,0.5928886,0.5,0,0.0069491905,0,17.045898,22,0.6582031
329,0.9716797,0.5937451,0.5014245,0,0.0069491905,0,17.048828,22,0.65722656
330,0.97753906,0.594165,0.5,0,0.0069491905,0,17.048828,22,0.65625
331,0.9736328,0.5957278,0.5,0,0.0069491905,0,17.091797,22,0.6542969
332,0.97753906,0.5955846,0.49717513,0,0.0069491905,0,17.07129,22,0.6542969
333,0.9785156,0.5959957,0.49859154,0,0.0069491905,0,17.120117,22,0.6533203
334,0.9824219,0.5958229,0.49859944,0,0.0069491905,0,17.125,22,0.6513672
335,0.98828125,0.5948376,0.49860725,0,0.0069491905,0,17.114258,22,0.64941406
336,0.9951172,0.59357846,0.49444443,0,0.0069491905,0,17.166016,22,0.6484375
337,0.99902344,0.59439594,0.49723756,0,0.0069491905,0,17.15625,22,0.6464844
338,1.0009766,0.59398836,0.4930748,0,0.0069491905,0,17.18457,22,0.64746094
339,1.0068359,0.59432685,0.49723756,0,0.0069491905,0,17.211914,22,0.6464844
340,1.0087891,0.59417444,0.49447513,0,0.0069491905,0,17.206055,22,0.6464844
341,1.015625,0.5936332,0.4945055,0,0.0069491905,0,17.223633,22,0.64453125
342,1.0244141,0.5919848,0.49175823,0,0.0069491905,0,17.279297,22,0.64453125
343,1.0341797,0.588987,0.49041095,0,0.0069491905,0,17.291992,22,0.6435547
344,1.0429688,0.5869666,0.4863388,0,0.0069491905,0,17.269531,22,0.6425781
345,1.0449219,0.58641124,0.47945204,0,0.0069491905,0,17.274414,22,0.6435547
346,1.0498047,0.58752114,0.48228884,0,0.0069491905,0,17.291016,22,0.64160156
347,1.0517578,0.58667713,0.4739726,0,0.0069491905,0,17.301758,22,0.6435547
348,1.0546875,0.58542144,0.4697802,0,0.0069491905,0,17.326172,22,0.64453125
349,1.0537109,0.58542144,0.4697802,0,0.0069491905,0,17.308594,22,0.64453125
350,1.0498047,0.5847347,0.46831957,0,0.0069491905,0,17.300781,22,0.6455078
351,1.0537109,0.5847347,0.46831957,0,0.0069491905,0,17.30664,22,0.6455078
352,1.0605469,0.5833969,0.46703297,0,0.0069491905,0,17.324219,22,0.64453125
353,1.0634766,0.58296126,0.46280992,0,0.0069491905,0,17.330078,22,0.6455078
354,1.0634766,0.58252317,0.4640884,0,0.0069491905,0,17.325195,22,0.6464844
355,1.0615234,0.5817271,0.46005508,0,0.0069491905,0,17.342773,22,0.6455078
356,1.0644531,0.58044624,0.46005508,0,0.0069491905,0,17.332031,22,0.6455078
357,1.0732422,0.578742,0.45753425,0,0.0069491905,0,17.384766,22,0.6435547
358,1.0732422,0.57829475,0.4587912,0,0.0069491905,0,17.371094,22,0.64453125
359,1.0839844,0.5770982,0.45753425,0,0.0069491905,0,17.368164,22,0.6435547
360,1.0888672,0.57635945,0.45776567,0,0.0069491905,0,17.38086,22,0.64160156
361,1.0917969,0.57680833,0.45923913,0,0.0069491905,0,17.40918,22,0.640625
362,1.0947266,0.57680833,0.45923913,0,0.0069491905,0,17.395508,22,0.640625
363,1.0986328,0.5764237,0.45923913,0,0.0069491905,0,17.392578,22,0.640625
364,1.0966797,0.5764237,0.45652175,0,0.0069491905,0,17.426758,22,0.640625
365,1.0966797,0.5763048,0.45380434,0,0.0069491905,0,17.448242,22,0.640625
366,1.1015625,0.57616705,0.45108697,0,0.0069491905,0,17.447266,22,0.640625
367,1.1005859,0.5768818,0.45405406,0,0.0069491905,0,17.45996,22,0.6386719
368,1.1035156,0.5755717,0.45013478,0,0.0069491905,0,17.467773,22,0.6376953
369,1.1064453,0.5764617,0.4530831,0,0.0069491905,0,17.456055,22,0.6357422
370,1.1083984,0.5750018,0.45013478,0,0.0069491905,0,17.499023,22,0.6376953
371,1.109375,0.5759225,0.4530831,0,0.0069491905,0,17.524414,22,0.6357422
372,1.1162109,0.5746148,0.45187166,0,0.0069491905,0,17.521484,22,0.6347656
373,1.1181641,0.57382023,0.45066667,0,0.0069491905,0,17.518555,22,0.63378906
374,1.1240234,0.5723208,0.448,0,0.0069491905,0,17.514648,22,0.63378906
375,1.125,0.571627,0.44827586,0,0.0069491905,0,17.481445,22,0.63183594
376,1.1308594,0.57117516,0.44946808,0,0.0069491905,0,17.479492,22,0.6328125
377,1.1328125,0.57028735,0.44533333,0,0.0069491905,0,17.457031,22,0.63378906
378,1.1318359,0.5702454,0.44533333,0,0.0069491905,0,17.488281,22,0.63378906
379,1.1279297,0.5702454,0.44533333,0,0.0069491905,0,17.506836,22,0.63378906
380,1.1308594,0.5697874,0.44385028,0,0.0069491905,0,17.509766,22,0.6347656
381,1.1386719,0.56950945,0.44414893,0,0.0069491905,0,17.552734,22,0.6328125
382,1.140625,0.56864536,0.44266668,0,0.0069491905,0,17.56836,22,0.63378906
383,1.1367188,0.56864536,0.44266668,0,0.0069491905,0,17.574219,22,0.63378906
384,1.1367188,0.56864536,0.44266668,0,0.0069491905,0,17.588867,22,0.63378906
385,1.1367188,0.56790674,0.44,0,0.0069491905,0,17.578125,22,0.63378906
386,1.1396484,0.56790674,0.44,0,0.0069491905,0,17.572266,22,0.63378906
387,1.1445313,0.5665352,0.43882978,0,0.0069491905,0,17.548828,22,0.6328125
388,1.1494141,0.5652581,0.43882978,0,0.0069491905,0,17.582031,22,0.6328125
389,1.1542969,0.5641341,0.44031832,0,0.0069491905,0,17.55957,22,0.63183594
390,1.1601563,0.5627084,0.43882978,0,0.0069491905,0,17.59668,22,0.6328125
391,1.1621094,0.56306595,0.44,0,0.0069491905,0,17.628906,22,0.63378906
392,1.1650391,0.5607084,0.43882978,0,0.0069491905,0,17.620117,22,0.6328125
393,1.1708984,0.56166524,0.44179896,0,0.0069491905,0,17.640625,22,0.6308594
394,1.1748047,0.5620794,0.44063324,0,0.0069491905,0,17.638672,22,0.6298828
395,1.1787109,0.5604778,0.43501326,0,0.0069491905,0,17.661133,22,0.63183594
396,1.1904297,0.5589809,0.43236074,0,0.0069491905,0,17.649414,22,0.63183594
397,1.1933594,0.5585777,0.43236074,0,0.0069491905,0,17.70996,22,0.63183594
398,1.2011719,0.557779,0.43351063,0,0.0069491905,0,17.71875,22,0.6328125
399,1.2041016,0.55826646,0.43501326,0,0.0069491905,0,17.694336,22,0.63183594
400,1.2080078,0.5579885,0.4353562,0,0.0069491905,0,17.726563,22,0.6298828
401,1.2089844,0.5579885,0.43007916,0,0.0069491905,0,17.764648,22,0.6298828
402,1.2158203,0.55676186,0.42744064,0,0.0069491905,0,17.734375,22,0.6298828
403,1.2236328,0.5572481,0.42894736,0,0.0069491905,0,17.739258,22,0.62890625
404,1.2314453,0.5562507,0.42519686,0,0.0069491905,0,17.765625,22,0.6279297
405,1.2373047,0.5546758,0.42257217,0,0.0069491905,0,17.782227,22,0.6279297
406,1.2441406,0.55310106,0.4199475,0,0.0069491905,0,17.769531,22,0.6279297
407,1.2490234,0.55310106,0.4199475,0,0.0069491905,0,17.753906,22,0.6279297
408,1.2578125,0.55123454,0.41775456,0,0.0069491905,0,17.77832,22,0.62597656
409,1.2597656,0.55167884,0.41666666,0,0.0069491905,0,17.759766,22,0.625
410,1.2636719,0.552172,0.4181818,0,0.0069491905,0,17.746094,22,0.62402344
411,1.2666016,0.552172,0.41558442,0,0.0069491905,0,17.705078,22,0.62402344
412,1.2724609,0.55243796,0.41709843,0,0.0069491905,0,17.697266,22,0.6230469
413,1.2773438,0.55194676,0.41558442,0,0.0069491905,0,17.686523,22,0.62402344
414,1.2773438,0.55194676,0.41298702,0,0.0069491905,0,17.698242,22,0.62402344
415,1.2880859,0.54985255,0.4108527,0,0.0069491905,0,17.691406,22,0.6220703
416,1.2880859,0.54985255,0.4108527,0,0.0069491905,0,17.699219,22,0.6220703
417,1.2958984,0.5512288,0.41388175,0,0.0069491905,0,17.708008,22,0.6201172
418,1.2988281,0.5520904,0.4168798,0,0.0069491905,0,17.70996,22,0.61816406
419,1.3095703,0.5512683,0.4168798,0,0.0069491905,0,17.730469,22,0.61816406
420,1.3154297,0.5492419,0.41282052,0,0.0069491905,0,17.743164,22,0.6191406
421,1.3251953,0.5486718,0.41326532,0,0.0069491905,0,17.754883,22,0.6171875
422,1.3320313,0.5479796,0.41221374,0,0.0069491905,0,17.765625,22,0.61621094
423,1.3388672,0.546948,0.40862945,0,0.0069491905,0,17.78125,22,0.6152344
424,1.3496094,0.54479,0.40656567,0,0.0069491905,0,17.78418,22,0.61328125
425,1.3554688,0.5440467,0.40452263,0,0.0069491905,0,17.769531,22,0.6113281
426,1.3574219,0.54387194,0.405,0,0.0069491905,0,17.776367,22,0.609375
427,1.3623047,0.5430554,0.40601504,0,0.0069491905,0,17.77539,22,0.61035156
428,1.3671875,0.5430554,0.40601504,0,0.0069491905,0,17.802734,22,0.61035156
429,1.3671875,0.5411969,0.40350878,0,0.0069491905,0,17.776367,22,0.61035156
430,1.3779297,0.54007405,0.40350878,0,0.0069491905,0,17.789063,22,0.61035156
431,1.3847656,0.5389683,0.4025,0,0.0069491905,0,17.791992,22,0.609375
432,1.3964844,0.5360401,0.3975,0,0.0069491905,0,17.791016,22,0.609375
433,1.3994141,0.5369537,0.40049753,0,0.0069491905,0,17.776367,22,0.6074219
434,1.4003906,0.5369537,0.39800996,0,0.0069491905,0,17.751953,22,0.6074219
435,1.4130859,0.53507304,0.39454094,0,0.0069491905,0,17.766602,22,0.6064453
436,1.4169922,0.53443336,0.39356434,0,0.0069491905,0,17.771484,22,0.60546875
437,1.4189453,0.5339194,0.39454094,0,0.0069491905,0,17.75586,22,0.6064453
438,1.4306641,0.5324306,0.39205956,0,0.0069491905,0,17.786133,22,0.6064453
439,1.4404297,0.5324306,0.39205956,0,0.0069491905,0,17.78711,22,0.6064453
440,1.4453125,0.5320966,0.39205956,0,0.0069491905,0,17.808594,22,0.6064453
441,1.4462891,0.5315756,0.3880597,0,0.0069491905,0,17.85254,22,0.6074219
442,1.4521484,0.5315756,0.38557214,0,0.0069491905,0,17.847656,22,0.6074219
443,1.4550781,0.53098494,0.3846154,0,0.0069491905,0,17.805664,22,0.6064453
444,1.4677734,0.5302929,0.38308457,0,0.0069491905,0,17.801758,22,0.6074219
445,1.4794922,0.52877057,0.38059703,0,0.0069491905,0,17.836914,22,0.6074219
446,1.4853516,0.5278097,0.37965262,0,0.0069491905,0,17.830078,22,0.6064453
447,1.4882813,0.5262296,0.37468982,0,0.0069491905,0,17.80371,22,0.6064453
448,1.5029297,0.5245902,0.37220845,0,0.0069491905,0,17.8125,22,0.6064453
449,1.5087891,0.52512723,0.37128714,0,0.0069491905,0,17.828125,22,0.60546875
450,1.5224609,0.52563196,0.3728395,0,0.0069491905,0,17.832031,22,0.6044922
451,1.5292969,0.5263958,0.37592137,0,0.0069491905,0,17.865234,22,0.60253906
452,1.5322266,0.5261109,0.3783784,0,0.0069491905,0,17.81543,22,0.60253906
453,1.5341797,0.5256295,0.3768473,0,0.0069491905,0,17.827148,22,0.6035156
454,1.5371094,0.52616006,0.3783784,0,0.0069491905,0,17.796875,22,0.60253906
455,1.5400391,0.5246509,0.3765281,0,0.0069491905,0,17.833984,22,0.60058594
456,1.5498047,0.524533,0.3765281,0,0.0069491905,0,17.850586,22,0.60058594
457,1.5478516,0.524533,0.3765281,0,0.0069491905,0,17.845703,22,0.60058594
458,1.5488281,0.52396953,0.37560976,0,0.0069491905,0,17.831055,22,0.5996094
459,1.5517578,0.52230084,0.36919317,0,0.0069491905,0,17.8125,22,0.60058594
460,1.5566406,0.52189875,0.36764705,0,0.0069491905,0,17.838867,22,0.6015625
461,1.5576172,0.52189875,0.36519608,0,0.0069491905,0,17.853516,22,0.6015625
462,1.5644531,0.5213591,0.36363637,0,0.0069491905,0,17.84082,22,0.60253906
463,1.5771484,0.52032095,0.3627451,0,0.0069491905,0,17.84082,22,0.6015625
464,1.5830078,0.5185687,0.3627451,0,0.0069491905,0,17.827148,22,0.6015625
465,1.5849609,0.5185687,0.3602941,0,0.0069491905,0,17.791016,22,0.6015625
466,1.5878906,0.5189477,0.3618582,0,0.0069491905,0,17.791016,22,0.60058594
467,1.5869141,0.51854026,0.36430317,0,0.0069491905,0,17.764648,22,0.60058594
468,1.5888672,0.51744485,0.36430317,0,0.0069491905,0,17.80664,22,0.60058594
469,1.5966797,0.5174453,0.3649635,0,0.0069491905,0,17.824219,22,0.5986328
470,1.6015625,0.51690185,0.36407766,0,0.0069491905,0,17.829102,22,0.59765625
471,1.6074219,0.51686084,0.36407766,0,0.0069491905,0,17.813477,22,0.59765625
472,1.6162109,0.5148543,0.3649635,0,0.0069491905,0,17.814453,22,0.5986328
473,1.6171875,0.5154045,0.36650485,0,0.0069491905,0,17.828125,22,0.59765625
474,1.6210938,0.5148543,0.3649635,0,0.0069491905,0,17.871094,22,0.5986328
475,1.6230469,0.5153406,0.36650485,0,0.0069491905,0,17.88379,22,0.59765625
476,1.6298828,0.5148036,0.36561742,0,0.0069491905,0,17.88086,22,0.5966797
477,1.6318359,0.5142691,0.36231884,0,0.0069491905,0,17.887695,22,0.5957031
478,1.6376953,0.5142691,0.36231884,0,0.0069491905,0,17.882813,22,0.5957031
479,1.6474609,0.513371,0.36144578,0,0.0069491905,0,17.870117,22,0.59472656
480,1.6533203,0.51247716,0.35817307,0,0.0069491905,0,17.87207,22,0.59375
481,1.6523438,0.5119252,0.3566265,0,0.0069491905,0,17.893555,22,0.59472656
482,1.6513672,0.5119252,0.3566265,0,0.0069491905,0,17.91211,22,0.59472656
483,1.6630859,0.51052016,0.35421687,0,0.0069491905,0,17.904297,22,0.59472656
484,1.6748047,0.51049536,0.3533654,0,0.0069491905,0,17.957031,22,0.59375
485,1.6757813,0.51049536,0.3533654,0,0.0069491905,0,17.97754,22,0.59375
486,1.6748047,0.5113844,0.35421687,0,0.0069491905,0,17.958008,22,0.59472656
487,1.6826172,0.51049536,0.35096154,0,0.0069491905,0,17.967773,22,0.59375
488,1.6748047,0.5095057,0.35011992,0,0.0069491905,0,17.995117,22,0.59277344
489,1.6757813,0.50858253,0.34615386,0,0.0069491905,0,17.993164,22,0.59375
490,1.6777344,0.5085625,0.34532374,0,0.0069491905,0,17.984375,22,0.59277344
491,1.6757813,0.5085625,0.34532374,0,0.0069491905,0,17.993164,22,0.59277344
492,1.6835938,0.50668824,0.34292567,0,0.0069491905,0,18.00586,22,0.59277344
493,1.6943359,0.5059,0.34210527,0,0.0069491905,0,17.99707,22,0.5917969
494,1.7041016,0.5043092,0.34128878,0,0.0069491905,0,18.016602,22,0.5908203
495,1.7080078,0.5040073,0.34204274,0,0.0069491905,0,18.006836,22,0.5888672
496,1.7138672,0.5028294,0.34123224,0,0.0069491905,0,18.047852,22,0.5878906
497,1.7167969,0.5028294,0.34123224,0,0.0069491905,0,18.076172,22,0.5878906
498,1.71875,0.5033565,0.3427896,0,0.0069491905,0,18.085938,22,0.58691406
499,1.7246094,0.5039183,0.3443396,0,0.0069491905,0,18.109375,22,0.5859375
500,1.7275391,0.5039087,0.34507042,0,0.0069491905,0,18.123047,22,0.5839844
501,1.7324219,0.5029576,0.3442623,0,0.0069491905,0,18.106445,22,0.5830078
502,1.7382813,0.50127,0.34192038,0,0.0069491905,0,18.09961,22,0.5830078
503,1.7519531,0.5009915,0.34265736,0,0.0069491905,0,18.118164,22,0.5810547
504,1.7587891,0.5005091,0.34186047,0,0.0069491905,0,18.124023,22,0.5800781
505,1.765625,0.49962425,0.34032634,0,0.0069491905,0,18.11621,22,0.5810547
506,1.7666016,0.50018686,0.33953488,0,0.0069491905,0,18.125977,22,0.5800781
507,1.7792969,0.5007082,0.3387471,0,0.0069491905,0,18.11914,22,0.57910156
508,1.7949219,0.50014824,0.3387471,0,0.0069491905,0,18.125,22,0.57910156
509,1.8017578,0.50014824,0.3387471,0,0.0069491905,0,18.157227,22,0.57910156
510,1.8027344,0.49910876,0.3364269,0,0.0069491905,0,18.16211,22,0.57910156
511,1.8046875,0.49854496,0.33488372,0,0.0069491905,0,18.157227,22,0.5800781
512,1.8144531,0.49717748,0.33255813,0,0.0069491905,0,18.152344,22,0.5800781
513,1.8242188,0.49774447,0.33410674,0,0.0069491905,0,18.170898,22,0.57910156
514,1.8300781,0.49743104,0.3364269,0,0.0069491905,0,18.168945,22,0.57910156
515,1.8320313,0.49799612,0.33796296,0,0.0069491905,0,18.15332,22,0.578125
516,1.8310547,0.4978274,0.33718246,0,0.0069491905,0,18.128906,22,0.57714844
517,1.8398438,0.49774057,0.33793104,0,0.0069491905,0,18.105469,22,0.5751953
518,1.8388672,0.4982499,0.33944955,0,0.0069491905,0,18.086914,22,0.57421875
519,1.8408203,0.49688253,0.33715597,0,0.0069491905,0,18.069336,22,0.57421875
520,1.8427734,0.4964172,0.33638445,0,0.0069491905,0,18.12207,22,0.5732422
521,1.8505859,0.49595398,0.33561644,0,0.0069491905,0,18.09082,22,0.5722656
522,1.8603516,0.49495012,0.33105022,0,0.0069491905,0,18.089844,22,0.5722656
523,1.8681641,0.4944106,0.33029613,0,0.0069491905,0,18.077148,22,0.57128906
524,1.8671875,0.493896,0.32648402,0,0.0069491905,0,18.106445,22,0.5722656
525,1.8730469,0.49379608,0.32648402,0,0.0069491905,0,18.100586,22,0.5722656
526,1.8798828,0.49162692,0.32346243,0,0.0069491905,0,18.143555,22,0.57128906
527,1.8847656,0.49162692,0.32346243,0,0.0069491905,0,18.146484,22,0.57128906
528,1.8964844,0.49014467,0.32118452,0,0.0069491905,0,18.19336,22,0.57128906
529,1.8974609,0.49014467,0.3166287,0,0.0069491905,0,18.16211,22,0.57128906
530,1.90625,0.48996884,0.3189066,0,0.0069491905,0,18.157227,22,0.57128906
531,1.9199219,0.48952237,0.3181818,0,0.0069491905,0,18.17871,22,0.5703125
532,1.9287109,0.48827693,0.3159091,0,0.0069491905,0,18.1875,22,0.5703125
533,1.9335938,0.48832917,0.3167421,0,0.0069491905,0,18.175781,22,0.5683594
534,1.9365234,0.48753068,0.31602708,0,0.0069491905,0,18.151367,22,0.5673828
535,1.9375,0.4863787,0.31292516,0,0.0069491905,0,18.121094,22,0.56933594
536,1.9433594,0.4863787,0.31292516,0,0.0069491905,0,18.146484,22,0.56933594
537,1.9580078,0.4875307,0.31602708,0,0.0069491905,0,18.13379,22,0.5673828
538,1.9580078,0.48695597,0.30995476,0,0.0069491905,0,18.129883,22,0.5683594
539,1.9609375,0.48581415,0.3068182,0,0.0069491905,0,18.15332,22,0.5703125
540,1.9746094,0.48511437,0.30612245,0,0.0069491905,0,18.175781,22,0.56933594
541,1.9755859,0.48476976,0.30612245,0,0.0069491905,0,18.183594,22,0.56933594
542,1.9804688,0.48399323,0.30316743,0,0.0069491905,0,18.195313,22,0.5683594
543,1.9892578,0.4832202,0.30248308,0,0.0069491905,0,18.217773,22,0.5673828
544,2.0058594,0.48176706,0.30022573,0,0.0069491905,0,18.25293,22,0.5673828
545,2.0058594,0.48117933,0.2963801,0,0.0069491905,0,18.274414,22,0.5683594
546,2.0205078,0.48016572,0.29185522,0,0.0069491905,0,18.242188,22,0.5683594
547,2.0273438,0.48016572,0.28959277,0,0.0069491905,0,18.235352,22,0.5683594
548,2.040039,0.479573,0.29024944,0,0.0069491905,0,18.251953,22,0.56933594
549,2.0488281,0.47880822,0.28959277,0,0.0069491905,0,18.235352,22,0.5683594
550,2.0517578,0.4780469,0.28893906,0,0.0069491905,0,18.225586,22,0.5673828
551,2.0625,0.47659373,0.28893906,0,0.0069491905,0,18.225586,22,0.5673828
552,2.0683594,0.47498956,0.28764045,0,0.0069491905,0,18.251953,22,0.5654297
553,2.0703125,0.47438923,0.2882883,0,0.0069491905,0,18.263672,22,0.56640625
554,2.078125,0.47392377,0.2882883,0,0.0069491905,0,18.314453,22,0.56640625
555,2.0839844,0.4738874,0.2882883,0,0.0069491905,0,18.292969,22,0.56640625
556,2.0859375,0.4747035,0.28959277,0,0.0069491905,0,18.265625,22,0.5683594
557,2.0898438,0.4742945,0.28893906,0,0.0069491905,0,18.24707,22,0.5673828
558,2.0996094,0.474214,0.28893906,0,0.0069491905,0,18.211914,22,0.5673828
559,2.0986328,0.4733662,0.2882883,0,0.0069491905,0,18.237305,22,0.56640625
560,2.1035156,0.47235715,0.2882883,0,0.0069491905,0,18.248047,22,0.56640625
561,2.109375,0.47286373,0.28988764,0,0.0069491905,0,18.22754,22,0.5654297
562,2.1210938,0.4722205,0.29054055,0,0.0069491905,0,18.277344,22,0.56640625
563,2.1298828,0.4711018,0.2882883,0,0.0069491905,0,18.286133,22,0.56640625
564,2.1367188,0.4708398,0.2882883,0,0.0069491905,0,18.282227,22,0.56640625
565,2.1464844,0.4708398,0.2882883,0,0.0069491905,0,18.29004,22,0.56640625
566,2.147461,0.4708398,0.2882883,0,0.0069491905,0,18.283203,22,0.56640625
567,2.149414,0.46954006,0.28603604,0,0.0069491905,0,18.292969,22,0.56640625
568,2.1591797,0.46829,0.28764045,0,0.0069491905,0,18.304688,22,0.5654297
569,2.1640625,0.4674567,0.28539327,0,0.0069491905,0,18.325195,22,0.5654297
570,2.1777344,0.46807125,0.28699553,0,0.0069491905,0,18.32129,22,0.5644531
571,2.1845703,0.46734706,0.28699553,0,0.0069491905,0,18.317383,22,0.5644531
572,2.1865234,0.46673086,0.28764045,0,0.0069491905,0,18.331055,22,0.5654297
573,2.1914063,0.46611193,0.28603604,0,0.0069491905,0,18.395508,22,0.56640625
574,2.2109375,0.4643054,0.28539327,0,0.0069491905,0,18.410156,22,0.5654297
575,2.2207031,0.46286127,0.28411633,0,0.0069491905,0,18.416016,22,0.56347656
576,2.2216797,0.4627663,0.28507796,0,0.0069491905,0,18.47754,22,0.56152344
577,2.2246094,0.4627663,0.28507796,0,0.0069491905,0,18.43164,22,0.56152344
578,2.2236328,0.46338582,0.28444445,0,0.0069491905,0,18.448242,22,0.5605469
579,2.2324219,0.46229228,0.2822222,0,0.0069491905,0,18.438477,22,0.5605469
580,2.2382813,0.46167034,0.28285077,0,0.0069491905,0,18.490234,22,0.56152344
581,2.241211,0.45994037,0.27901787,0,0.0069491905,0,18.470703,22,0.5625
582,2.2421875,0.45923123,0.27839643,0,0.0069491905,0,18.466797,22,0.56152344
583,2.2548828,0.45923123,0.27839643,0,0.0069491905,0,18.43164,22,0.56152344
584,2.258789,0.45923123,0.27839643,0,0.0069491905,0,18.41504,22,0.56152344
585,2.2578125,0.4583309,0.27616927,0,0.0069491905,0,18.41504,22,0.56152344
586,2.258789,0.4583309,0.27616927,0,0.0069491905,0,18.375,22,0.56152344
587,2.2529297,0.4583309,0.27616927,0,0.0069491905,0,18.370117,22,0.56152344
588,2.2558594,0.45769873,0.2767857,0,0.0069491905,0,18.362305,22,0.5625
589,2.256836,0.458066,0.27740493,0,0.0069491905,0,18.357422,22,0.56347656
590,2.2626953,0.45851275,0.27901787,0,0.0069491905,0,18.385742,22,0.5625
591,2.2695313,0.45653728,0.27964205,0,0.0069491905,0,18.402344,22,0.56347656
592,2.2753906,0.45589823,0.2780269,0,0.0069491905,0,18.40332,22,0.5644531
593,2.2783203,0.4552563,0.2764045,0,0.0069491905,0,18.416016,22,0.5654297
594,2.2851563,0.45578456,0.2780269,0,0.0069491905,0,18.38379,22,0.5644531
595,2.290039,0.4560602,0.27901787,0,0.0069491905,0,18.373047,22,0.5625
596,2.3017578,0.45444557,0.2767857,0,0.0069491905,0,18.404297,22,0.5625
597,2.3066406,0.45380333,0.2751678,0,0.0069491905,0,18.399414,22,0.56347656
598,2.3046875,0.4534633,0.2751678,0,0.0069491905,0,18.392578,22,0.56347656
599,2.3125,0.45341018,0.27616927,0,0.0069491905,0,18.353516,22,0.56152344
600,2.321289,0.45307168,0.27616927,0,0.0069491905,0,18.333984,22,0.56152344
601,2.3251953,0.45242777,0.2700893,0,0.0069491905,0,18.357422,22,0.5625
602,2.3291016,0.4523046,0.2700893,0,0.0069491905,0,18.355469,22,0.5625
603,2.3398438,0.45263356,0.27171493,0,0.0069491905,0,18.317383,22,0.56152344
604,2.3535156,0.45266348,0.27272728,0,0.0069491905,0,18.320313,22,0.5595703
605,2.3583984,0.45266,0.27272728,0,0.0069491905,0,18.299805,22,0.5595703
606,2.3574219,0.45312187,0.27333334,0,0.0069491905,0,18.295898,22,0.5605469
607,2.3710938,0.45159787,0.2688889,0,0.0069491905,0,18.336914,22,0.5605469
608,2.3769531,0.45159787,0.2688889,0,0.0069491905,0,18.33789,22,0.5605469
609,2.3886719,0.45053264,0.2688889,0,0.0069491905,0,18.364258,22,0.5605469
610,2.3857422,0.45010597,0.2682927,0,0.0069491905,0,18.371094,22,0.5595703
611,2.397461,0.44830146,0.26444444,0,0.0069491905,0,18.347656,22,0.5605469
612,2.4033203,0.44796368,0.26444444,0,0.0069491905,0,18.378906,22,0.5605469
613,2.4140625,0.44690672,0.26327434,0,0.0069491905,0,18.408203,22,0.55859375
614,2.4238281,0.44690672,0.26327434,0,0.0069491905,0,18.418945,22,0.55859375
615,2.4326172,0.44612068,0.26269317,0,0.0069491905,0,18.422852,22,0.5576172
616,2.4414063,0.44580823,0.26269317,0,0.0069491905,0,18.405273,22,0.5576172
617,2.4472656,0.44580823,0.26269317,0,0.0069491905,0,18.391602,22,0.5576172
618,2.4521484,0.44525075,0.26327434,0,0.0069491905,0,18.416992,22,0.55859375
619,2.4550781,0.44435072,0.26327434,0,0.0069491905,0,18.405273,22,0.55859375
620,2.4580078,0.44302326,0.26106194,0,0.0069491905,0,18.424805,22,0.55859375
621,2.4550781,0.44235778,0.26048565,0,0.0069491905,0,18.416992,22,0.5576172
622,2.4667969,0.44272444,0.26106194,0,0.0069491905,0,18.414063,22,0.55859375
623,2.4804688,0.44241858,0.26222223,0,0.0069491905,0,18.430664,22,0.5605469
624,2.4863281,0.4417524,0.26057908,0,0.0069491905,0,18.448242,22,0.56152344
625,2.4882813,0.44108322,0.25669643,0,0.0069491905,0,18.427734,22,0.5625
626,2.4990234,0.44108322,0.25669643,0,0.0069491905,0,18.416016,22,0.5625
627,2.5117188,0.44041017,0.25612473,0,0.0069491905,0,18.496094,22,0.56152344
628,2.524414,0.43976906,0.25555557,0,0.0069491905,0,18.527344,22,0.5605469
629,2.5273438,0.4392689,0.25612473,0,0.0069491905,0,18.487305,22,0.56152344
630,2.5351563,0.43925235,0.2572062,0,0.0069491905,0,18.46289,22,0.5595703
631,2.5478516,0.43848154,0.25442478,0,0.0069491905,0,18.487305,22,0.55859375
632,2.5546875,0.43752894,0.25386313,0,0.0069491905,0,18.484375,22,0.5576172
633,2.5595703,0.43804094,0.2555066,0,0.0069491905,0,18.47754,22,0.5566406
634,2.5546875,0.43804094,0.25330397,0,0.0069491905,0,18.445313,22,0.5566406
635,2.5585938,0.4376862,0.25274727,0,0.0069491905,0,18.467773,22,0.55566406
636,2.5625,0.4376862,0.25274727,0,0.0069491905,0,18.458984,22,0.55566406
637,2.571289,0.43639016,0.25164112,0,0.0069491905,0,18.482422,22,0.55371094
638,2.5722656,0.43699524,0.2532751,0,0.0069491905,0,18.461914,22,0.5527344
639,2.5771484,0.4359035,0.2510917,0,0.0069491905,0,18.504883,22,0.5527344
640,2.5820313,0.43496898,0.25054467,0,0.0069491905,0,18.475586,22,0.5517578
641,2.5830078,0.43496898,0.25054467,0,0.0069491905,0,18.461914,22,0.5517578
642,2.5898438,0.43496898,0.25054467,0,0.0069491905,0,18.493164,22,0.5517578
643,2.5917969,0.43431872,0.2494577,0,0.0069491905,0,18.49707,22,0.5498047
644,2.5957031,0.43331018,0.2494577,0,0.0069491905,0,18.529297,22,0.5498047
645,2.5976563,0.43421093,0.25108224,0,0.0069491905,0,18.529297,22,0.5488281
646,2.6054688,0.43357882,0.25053996,0,0.0069491905,0,18.485352,22,0.54785156
647,2.6210938,0.4324695,0.25053996,0,0.0069491905,0,18.5625,22,0.54785156
648,2.6230469,0.43180048,0.25108224,0,0.0069491905,0,18.548828,22,0.5488281
649,2.633789,0.43236,0.25053996,0,0.0069491905,0,18.557617,22,0.54785156
650,2.6425781,0.43286,0.25215518,0,0.0069491905,0,18.56543,22,0.546875
651,2.6601563,0.43098587,0.2462203,0,0.0069491905,0,18.580078,22,0.54785156
652,2.6748047,0.43043897,0.24568966,0,0.0069491905,0,18.558594,22,0.546875
653,2.6796875,0.42914584,0.24568966,0,0.0069491905,0,18.564453,22,0.546875
654,2.6855469,0.42947525,0.2462203,0,0.0069491905,0,18.570313,22,0.54785156
655,2.6904297,0.42879978,0.24458875,0,0.0069491905,0,18.56543,22,0.5488281
656,2.6992188,0.4278294,0.2451193,0,0.0069491905,0,18.56836,22,0.5498047
657,2.7070313,0.4271474,0.24347825,0,0.0069491905,0,18.579102,22,0.55078125
658,2.7158203,0.4262198,0.24400872,0,0.0069491905,0,18.575195,22,0.5517578
659,2.7167969,0.4262198,0.24400872,0,0.0069491905,0,18.573242,22,0.5517578
660,2.71875,0.4262198,0.24400872,0,0.0069491905,0,18.592773,22,0.5517578
661,2.7236328,0.42567846,0.24347825,0,0.0069491905,0,18.598633,22,0.55078125
662,2.7236328,0.42499787,0.24183007,0,0.0069491905,0,18.600586,22,0.5517578
663,2.7363281,0.42350283,0.23913044,0,0.0069491905,0,18.580078,22,0.55078125
664,2.7392578,0.42259926,0.23861171,0,0.0069491905,0,18.59668,22,0.5498047
665,2.743164,0.42244354,0.2407809,0,0.0069491905,0,18.564453,22,0.5498047
666,2.7509766,0.4219788,0.24242425,0,0.0069491905,0,18.55957,22,0.5488281
667,2.758789,0.42204303,0.24353448,0,0.0069491905,0,18.586914,22,0.546875
668,2.774414,0.4207499,0.24353448,0,0.0069491905,0,18.580078,22,0.546875
669,2.7773438,0.42046225,0.24242425,0,0.0069491905,0,18.579102,22,0.5488281
670,2.7861328,0.4185742,0.24295011,0,0.0069491905,0,18.59375,22,0.5498047
671,2.790039,0.4178721,0.24130435,0,0.0069491905,0,18.591797,22,0.55078125
672,2.7929688,0.4176341,0.24130435,0,0.0069491905,0,18.583008,22,0.55078125
673,2.8027344,0.41833672,0.24295011,0,0.0069491905,0,18.560547,22,0.5498047
674,2.805664,0.4178132,0.24295011,0,0.0069491905,0,18.570313,22,0.5498047
675,2.8144531,0.41632977,0.24347825,0,0.0069491905,0,18.55371,22,0.55078125
676,2.819336,0.41573372,0.24295011,0,0.0069491905,0,18.580078,22,0.5498047
677,2.8271484,0.41634423,0.24458875,0,0.0069491905,0,18.59668,22,0.5488281
678,2.8359375,0.4156562,0.24406047,0,0.0069491905,0,18.58496,22,0.54785156
679,2.8330078,0.4156562,0.24406047,0,0.0069491905,0,18.60254,22,0.54785156
680,2.8427734,0.4154815,0.24406047,0,0.0069491905,0,18.615234,22,0.54785156
681,2.8466797,0.41501737,0.24190065,0,0.0069491905,0,18.63086,22,0.54785156
682,2.850586,0.41501737,0.24190065,0,0.0069491905,0,18.61914,22,0.54785156
683,2.8515625,0.41571766,0.24353448,0,0.0069491905,0,18.649414,22,0.546875
684,2.8623047,0.41453195,0.24353448,0,0.0069491905,0,18.65039,22,0.546875
685,2.8652344,0.41382563,0.24406047,0,0.0069491905,0,18.64746,22,0.54785156
686,2.8691406,0.41314453,0.24568966,0,0.0069491905,0,18.671875,22,0.546875
687,2.8828125,0.4120554,0.2446352,0,0.0069491905,0,18.735352,22,0.5449219
688,2.890625,0.41017407,0.24197002,0,0.0069491905,0,18.726563,22,0.5439453
689,2.9003906,0.40971082,0.23982869,0,0.0069491905,0,18.739258,22,0.5439453
690,2.9101563,0.4099042,0.23717949,0,0.0069491905,0,18.705078,22,0.54296875
691,2.915039,0.4099042,0.23717949,0,0.0069491905,0,18.694336,22,0.54296875
692,2.9355469,0.4087253,0.23717949,0,0.0069491905,0,18.708008,22,0.54296875
693,2.9326172,0.40817767,0.23667377,0,0.0069491905,0,18.711914,22,0.5419922
694,2.944336,0.40779638,0.23667377,0,0.0069491905,0,18.71289,22,0.5419922
695,2.9423828,0.40779638,0.23667377,0,0.0069491905,0,18.71875,22,0.5419922
696,2.9472656,0.4071368,0.23617022,0,0.0069491905,0,18.710938,22,0.5410156
697,2.946289,0.4071368,0.23404256,0,0.0069491905,0,18.711914,22,0.5410156
698,2.9482422,0.40733442,0.23354565,0,0.0069491905,0,18.692383,22,0.54003906
699,2.9501953,0.40733442,0.23354565,0,0.0069491905,0,18.675781,22,0.54003906
700,2.9550781,0.40647614,0.23354565,0,0.0069491905,0,18.6875,22,0.54003906
701,2.9628906,0.40552494,0.2314225,0,0.0069491905,0,18.680664,22,0.54003906
702,2.9707031,0.4039027,0.22881356,0,0.0069491905,0,18.691406,22,0.5390625
703,2.9873047,0.40380636,0.2299578,0,0.0069491905,0,18.677734,22,0.5371094
704,2.9882813,0.4025259,0.2278481,0,0.0069491905,0,18.64746,22,0.5371094
705,2.9951172,0.4025259,0.2278481,0,0.0069491905,0,18.65332,22,0.5371094
706,2.9921875,0.40180916,0.22832981,0,0.0069491905,0,18.625,22,0.53808594
707,3.0048828,0.402242,0.22947368,0,0.0069491905,0,18.635742,22,0.5361328
708,3.0107422,0.40148696,0.22947368,0,0.0069491905,0,18.604492,22,0.5361328
709,3.008789,0.4002238,0.22736841,0,0.0069491905,0,18.629883,22,0.5361328
710,3.0234375,0.399542,0.2289916,0,0.0069491905,0,18.598633,22,0.53515625
711,3.0351563,0.39900115,0.22851153,0,0.0069491905,0,18.610352,22,0.5341797
712,3.0410156,0.39840034,0.22851153,0,0.0069491905,0,18.683594,22,0.5341797
713,3.0458984,0.3970717,0.22736841,0,0.0069491905,0,18.700195,22,0.5361328
714,3.0478516,0.3970717,0.22947368,0,0.0069491905,0,18.702148,22,0.5361328
715,3.0566406,0.3966098,0.22689076,0,0.0069491905,0,18.704102,22,0.53515625
716,3.0634766,0.39653486,0.22689076,0,0.0069491905,0,18.72461,22,0.53515625
717,3.0810547,0.39656168,0.22803347,0,0.0069491905,0,18.682617,22,0.5332031
718,3.0839844,0.39540738,0.22803347,0,0.0069491905,0,18.642578,22,0.5332031
719,3.0908203,0.39540738,0.22803347,0,0.0069491905,0,18.666016,22,0.5332031
720,3.0976563,0.3945964,0.2275574,0,0.0069491905,0,18.652344,22,0.53222656
721,3.109375,0.39521357,0.22916667,0,0.0069491905,0,18.64746,22,0.53125
722,3.1152344,0.39428023,0.22916667,0,0.0069491905,0,18.648438,22,0.53125
723,3.1328125,0.39299858,0.22916667,0,0.0069491905,0,18.632813,22,0.53125
724,3.1425781,0.39093962,0.22594142,0,0.0069491905,0,18.620117,22,0.5332031
725,3.1435547,0.39093962,0.22594142,0,0.0069491905,0,18.613281,22,0.5332031
726,3.1464844,0.3894837,0.22546972,0,0.0069491905,0,18.598633,22,0.53222656
727,3.15625,0.38859245,0.22384937,0,0.0069491905,0,18.588867,22,0.5332031
728,3.1572266,0.3885474,0.22431865,0,0.0069491905,0,18.594727,22,0.5341797
729,3.1572266,0.38838556,0.22431865,0,0.0069491905,0,18.607422,22,0.5341797
730,3.1660156,0.38773555,0.22478992,0,0.0069491905,0,18.59961,22,0.53515625
731,3.1699219,0.3867635,0.2231579,0,0.0069491905,0,18.609375,22,0.5361328
732,3.1699219,0.3867635,0.2231579,0,0.0069491905,0,18.575195,22,0.5361328
733,3.1748047,0.38624832,0.22268908,0,0.0069491905,0,18.583008,22,0.53515625
734,3.1679688,0.38515002,0.22268908,0,0.0069491905,0,18.608398,22,0.53515625
735,3.180664,0.3843997,0.2231579,0,0.0069491905,0,18.600586,22,0.5361328
736,3.1904297,0.383766,0.2231579,0,0.0069491905,0,18.685547,22,0.5361328
737,3.1914063,0.38282284,0.22105263,0,0.0069491905,0,18.655273,22,0.5361328
738,3.2050781,0.38314953,0.22222222,0,0.0069491905,0,18.655273,22,0.5341797
739,3.2148438,0.38308385,0.22222222,0,0.0069491905,0,18.703125,22,0.5341797
740,3.2207031,0.38242272,0.22268908,0,0.0069491905,0,18.674805,22,0.53515625
741,3.2265625,0.38234988,0.22478992,0,0.0069491905,0,18.682617,22,0.53515625
742,3.2294922,0.3821001,0.22573839,0,0.0069491905,0,18.65039,22,0.5371094
743,3.2382813,0.3818151,0.22573839,0,0.0069491905,0,18.672852,22,0.5371094
744,3.2460938,0.3823231,0.22621565,0,0.0069491905,0,18.680664,22,0.53808594
745,3.2480469,0.38260904,0.22736841,0,0.0069491905,0,18.68457,22,0.5361328
746,3.2460938,0.3834775,0.22832981,0,0.0069491905,0,18.680664,22,0.53808594
747,3.265625,0.38172662,0.22573839,0,0.0069491905,0,18.677734,22,0.5371094
748,3.2626953,0.38191307,0.22621565,0,0.0069491905,0,18.673828,22,0.53808594
749,3.265625,0.38140592,0.22573839,0,0.0069491905,0,18.670898,22,0.5371094
750,3.2773438,0.3807174,0.22478992,0,0.0069491905,0,18.691406,22,0.53515625
751,3.2841797,0.3806236,0.22362868,0,0.0069491905,0,18.711914,22,0.5371094
752,3.290039,0.3803743,0.2231579,0,0.0069491905,0,18.769531,22,0.5361328
753,3.3007813,0.37862316,0.221519,0,0.0069491905,0,18.754883,22,0.5371094
754,3.3007813,0.37880304,0.22198732,0,0.0069491905,0,18.776367,22,0.53808594
755,3.3125,0.37883067,0.22245763,0,0.0069491905,0,18.75,22,0.5390625
756,3.3222656,0.37883067,0.22245763,0,0.0069491905,0,18.736328,22,0.5390625
757,3.3291016,0.378329,0.22198732,0,0.0069491905,0,18.791992,22,0.53808594
758,3.3388672,0.3779047,0.221519,0,0.0069491905,0,18.795898,22,0.5371094
759,3.3554688,0.37763506,0.22245763,0,0.0069491905,0,18.789063,22,0.5390625
760,3.3613281,0.37685135,0.22198732,0,0.0069491905,0,18.79004,22,0.53808594
761,3.3710938,0.3750373,0.21868365,0,0.0069491905,0,18.791016,22,0.54003906
762,3.3623047,0.3743654,0.21702127,0,0.0069491905,0,18.786133,22,0.5410156
763,3.3710938,0.37354842,0.21656051,0,0.0069491905,0,18.769531,22,0.54003906
764,3.375,0.3719791,0.21321961,0,0.0069491905,0,18.771484,22,0.5419922
765,3.381836,0.3699074,0.21153846,0,0.0069491905,0,18.833984,22,0.54296875
766,3.3896484,0.3699074,0.21153846,0,0.0069491905,0,18.836914,22,0.54296875
767,3.3779297,0.36883432,0.20940171,0,0.0069491905,0,18.836914,22,0.54296875
768,3.3769531,0.36883432,0.20940171,0,0.0069491905,0,18.832031,22,0.54296875
769,3.383789,0.36953565,0.21108742,0,0.0069491905,0,18.875977,22,0.5419922
770,3.3945313,0.37032717,0.21276596,0,0.0069491905,0,18.94043,22,0.5410156
771,3.4023438,0.37032717,0.21276596,0,0.0069491905,0,18.942383,22,0.5410156
772,3.4052734,0.36953568,0.20895523,0,0.0069491905,0,18.91211,22,0.5419922
773,3.3984375,0.3682564,0.20682302,0,0.0069491905,0,18.886719,22,0.5419922
774,3.3984375,0.36816308,0.20682302,0,0.0069491905,0,18.893555,22,0.5419922
775,3.399414,0.36808702,0.20682302,0,0.0069491905,0,18.933594,22,0.5419922
776,3.4042969,0.36696428,0.20512821,0,0.0069491905,0,18.947266,22,0.54296875
777,3.4023438,0.3661622,0.20556745,0,0.0069491905,0,18.957031,22,0.5439453
778,3.4013672,0.3661622,0.20556745,0,0.0069491905,0,18.941406,22,0.5439453
779,3.4072266,0.36385575,0.20171674,0,0.0069491905,0,18.921875,22,0.5449219
780,3.415039,0.3633797,0.2012848,0,0.0069491905,0,18.949219,22,0.5439453
781,3.4179688,0.36244604,0.19914347,0,0.0069491905,0,18.94043,22,0.5439453
782,3.428711,0.36097184,0.19871795,0,0.0069491905,0,18.958984,22,0.54296875
783,3.4345703,0.36097184,0.19871795,0,0.0069491905,0,18.957031,22,0.54296875
784,3.4404297,0.36126125,0.19957082,0,0.0069491905,0,18.957031,22,0.5449219
785,3.4453125,0.35947746,0.19569893,0,0.0069491905,0,18.936523,22,0.54589844
786,3.4433594,0.35853797,0.19354838,0,0.0069491905,0,18.976563,22,0.54589844
787,3.4453125,0.3570554,0.19139785,0,0.0069491905,0,18.94629,22,0.54589844
788,3.4560547,0.35659292,0.19098713,0,0.0069491905,0,18.918945,22,0.5449219
789,3.4501953,0.35680473,0.19139785,0,0.0069491905,0,18.950195,22,0.54589844
790,3.4580078,0.35666895,0.19098713,0,0.0069491905,0,18.979492,22,0.5449219
791,3.4658203,0.3563801,0.19098713,0,0.0069491905,0,19.033203,22,0.5449219
792,3.475586,0.35720485,0.19271949,0,0.0069491905,0,19.098633,22,0.5439453
793,3.4824219,0.35605973,0.19017094,0,0.0069491905,0,19.077148,22,0.54296875
794,3.5009766,0.355328,0.19057816,0,0.0069491905,0,19.066406,22,0.5439453
795,3.4970703,0.35546058,0.19098713,0,0.0069491905,0,19.048828,22,0.5449219
796,3.5058594,0.35581714,0.1923077,0,0.0069491905,0,19.072266,22,0.54296875
797,3.5097656,0.35536024,0.19189766,0,0.0069491905,0,19.055664,22,0.5419922
798,3.5205078,0.35466573,0.19271949,0,0.0069491905,0,19.043945,22,0.5439453
799,3.5283203,0.35438836,0.19271949,0,0.0069491905,0,19.036133,22,0.5439453
800,3.5332031,0.35451895,0.19313304,0,0.0069491905,0,19.029297,22,0.5449219
801,3.546875,0.35368663,0.19139785,0,0.0069491905,0,19.009766,22,0.54589844
802,3.5546875,0.35306734,0.19057816,0,0.0069491905,0,19.014648,22,0.5439453
803,3.5615234,0.35216534,0.18976545,0,0.0069491905,0,19.02539,22,0.5419922
804,3.555664,0.35173923,0.1893617,0,0.0069491905,0,19.001953,22,0.5410156
805,3.5605469,0.35101622,0.18976545,0,0.0069491905,0,19,22,0.5419922
806,3.5644531,0.35047743,0.18723404,0,0.0069491905,0,19.004883,22,0.5410156
807,3.571289,0.35006097,0.18723404,0,0.0069491905,0,18.96289,22,0.5410156
808,3.5878906,0.347947,0.18550107,0,0.0069491905,0,18.956055,22,0.5419922
809,3.584961,0.34727094,0.18376069,0,0.0069491905,0,18.954102,22,0.54296875
810,3.5917969,0.34692496,0.18550107,0,0.0069491905,0,18.94043,22,0.5419922
811,3.5966797,0.3459707,0.18589744,0,0.0069491905,0,18.93164,22,0.54296875
812,3.6054688,0.34619573,0.18669528,0,0.0069491905,0,18.924805,22,0.5449219
813,3.6054688,0.34586957,0.18669528,0,0.0069491905,0,18.907227,22,0.5449219
814,3.6083984,0.34616268,0.1875,0,0.0069491905,0,18.924805,22,0.546875
815,3.6201172,0.34572262,0.18709677,0,0.0069491905,0,18.913086,22,0.54589844
816,3.6191406,0.34406576,0.18454936,0,0.0069491905,0,18.932617,22,0.5449219
817,3.6328125,0.3425225,0.1827957,0,0.0069491905,0,18.908203,22,0.54589844
818,3.6396484,0.34147733,0.18025751,0,0.0069491905,0,18.918945,22,0.5449219
819,3.647461,0.3408288,0.17987151,0,0.0069491905,0,18.947266,22,0.5439453
820,3.6464844,0.3408288,0.17987151,0,0.0069491905,0,18.94336,22,0.5439453
821,3.6621094,0.33904228,0.17735043,0,0.0069491905,0,18.951172,22,0.54296875
822,3.6708984,0.33904228,0.17735043,0,0.0069491905,0,18.999023,22,0.54296875
823,3.6708984,0.33955887,0.17773019,0,0.0069491905,0,19.00293,22,0.5439453
824,3.6767578,0.33955887,0.17773019,0,0.0069491905,0,18.990234,22,0.5439453
825,3.694336,0.33916318,0.17987151,0,0.0069491905,0,18.945313,22,0.5439453
826,3.694336,0.3392611,0.18025751,0,0.0069491905,0,18.958008,22,0.5449219
827,3.7050781,0.33906618,0.18025751,0,0.0069491905,0,18.954102,22,0.5449219
828,3.709961,0.33906618,0.18025751,0,0.0069491905,0,18.93164,22,0.5449219
829,3.7158203,0.33890158,0.17987151,0,0.0069491905,0,18.985352,22,0.5439453
830,3.7285156,0.34031415,0.18162394,0,0.0069491905,0,19.006836,22,0.54296875
831,3.734375,0.3387578,0.17811158,0,0.0069491905,0,18.992188,22,0.5449219
832,3.7392578,0.33822697,0.17773019,0,0.0069491905,0,18.99414,22,0.5439453
833,3.7509766,0.33736148,0.17811158,0,0.0069491905,0,18.988281,22,0.5449219
834,3.7519531,0.33723143,0.17773019,0,0.0069491905,0,19.061523,22,0.5439453
835,3.756836,0.33723143,0.17558886,0,0.0069491905,0,19.035156,22,0.5439453
836,3.7626953,0.336473,0.1748401,0,0.0069491905,0,19.09082,22,0.5419922
837,3.774414,0.33625275,0.1748401,0,0.0069491905,0,19.098633,22,0.5419922
838,3.774414,0.33609822,0.1748401,0,0.0069491905,0,19.101563,22,0.5419922
839,3.7714844,0.3368678,0.17659575,0,0.0069491905,0,19.111328,22,0.5410156
840,3.7773438,0.33677578,0.1762208,0,0.0069491905,0,19.136719,22,0.54003906
841,3.7773438,0.33591458,0.17659575,0,0.0069491905,0,19.138672,22,0.5410156
842,3.7841797,0.3355239,0.1762208,0,0.0069491905,0,19.123047,22,0.54003906
843,3.7958984,0.33476242,0.1762208,0,0.0069491905,0,19.143555,22,0.54003906
844,3.805664,0.33323237,0.17409766,0,0.0069491905,0,19.199219,22,0.54003906
845,3.7978516,0.33321035,0.17409766,0,0.0069491905,0,19.20996,22,0.54003906
846,3.8085938,0.33170137,0.17372881,0,0.0069491905,0,19.24121,22,0.5390625
847,3.8076172,0.33170137,0.17372881,0,0.0069491905,0,19.248047,22,0.5390625
848,3.8085938,0.33246344,0.17510548,0,0.0069491905,0,19.232422,22,0.5371094
849,3.8242188,0.33314914,0.1764706,0,0.0069491905,0,19.242188,22,0.53515625
850,3.8291016,0.331822,0.17473684,0,0.0069491905,0,19.22168,22,0.5361328
851,3.8330078,0.3300295,0.17088607,0,0.0069491905,0,19.22754,22,0.5371094
852,3.84375,0.3294814,0.16949153,0,0.0069491905,0,19.270508,22,0.5390625
853,3.8642578,0.32993716,0.17088607,0,0.0069491905,0,19.251953,22,0.5371094
854,3.8710938,0.32906696,0.17124736,0,0.0069491905,0,19.246094,22,0.53808594
855,3.8789063,0.32887492,0.17124736,0,0.0069491905,0,19.231445,22,0.53808594
856,3.8916016,0.32719657,0.16913319,0,0.0069491905,0,19.332031,22,0.53808594
857,3.9013672,0.3263187,0.16525424,0,0.0069491905,0,19.338867,22,0.5390625
858,3.9013672,0.3249809,0.1627907,0,0.0069491905,0,19.320313,22,0.53808594
859,3.9091797,0.3235976,0.16244726,0,0.0069491905,0,19.302734,22,0.5371094
860,3.9199219,0.3235976,0.16244726,0,0.0069491905,0,19.285156,22,0.5371094
861,3.9433594,0.32321438,0.16210526,0,0.0069491905,0,19.344727,22,0.5361328
862,3.9482422,0.3227408,0.16176471,0,0.0069491905,0,19.360352,22,0.53515625
863,3.9570313,0.3222692,0.16142558,0,0.0069491905,0,19.379883,22,0.5341797
864,3.9628906,0.32187033,0.16142558,0,0.0069491905,0,19.384766,22,0.5341797
865,3.9746094,0.32098737,0.16142558,0,0.0069491905,0,19.390625,22,0.5341797
866,3.9873047,0.32098737,0.16142558,0,0.0069491905,0,19.375,22,0.5341797
867,3.9951172,0.32045105,0.16108787,0,0.0069491905,0,19.379883,22,0.5332031
868,4,0.31959975,0.15932915,0,0.0069491905,0,19.36621,22,0.5341797
869,3.9990234,0.31875223,0.1572327,0,0.0069491905,0,19.345703,22,0.5341797
870,4.010742,0.31866413,0.15690376,0,0.0069491905,0,19.354492,22,0.5332031
871,4.0185547,0.318498,0.15690376,0,0.0069491905,0,19.339844,22,0.5332031
872,4.0273438,0.31843245,0.15690376,0,0.0069491905,0,19.36914,22,0.5332031
873,4.03125,0.31931576,0.15866388,0,0.0069491905,0,19.354492,22,0.53222656
874,4.033203,0.31926203,0.15833333,0,0.0069491905,0,19.359375,22,0.53125
875,4.048828,0.31838048,0.15866388,0,0.0069491905,0,19.375977,22,0.53222656
876,4.0546875,0.31835783,0.15899582,0,0.0069491905,0,19.405273,22,0.5332031
877,4.0595703,0.31798866,0.15866388,0,0.0069491905,0,19.40332,22,0.53222656
878,4.0703125,0.31751546,0.15833333,0,0.0069491905,0,19.432617,22,0.53125
879,4.0810547,0.31733552,0.15833333,0,0.0069491905,0,19.417969,22,0.53125
880,4.0878906,0.31722087,0.15800416,0,0.0069491905,0,19.464844,22,0.53027344
881,4.0927734,0.3165796,0.15767635,0,0.0069491905,0,19.47168,22,0.5292969
882,4.0996094,0.3165796,0.15767635,0,0.0069491905,0,19.453125,22,0.5292969
883,4.1123047,0.31598404,0.15767635,0,0.0069491905,0,19.46289,22,0.5292969
884,4.1210938,0.3156687,0.15767635,0,0.0069491905,0,19.45996,22,0.5292969
885,4.120117,0.31541836,0.15767635,0,0.0069491905,0,19.404297,22,0.5292969
886,4.125,0.31336248,0.15592515,0,0.0069491905,0,19.455078,22,0.53027344
887,4.142578,0.31184876,0.15384616,0,0.0069491905,0,19.46289,22,0.53027344
888,4.161133,0.3110893,0.15352698,0,0.0069491905,0,19.458984,22,0.5292969
889,4.1728516,0.31101793,0.1532091,0,0.0069491905,0,19.457031,22,0.5283203
890,4.171875,0.31094408,0.1532091,0,0.0069491905,0,19.461914,22,0.5283203
891,4.1728516,0.31094408,0.1532091,0,0.0069491905,0,19.495117,22,0.5283203
892,4.185547,0.30927843,0.15289256,0,0.0069491905,0,19.509766,22,0.52734375
893,4.1914063,0.30931103,0.1532091,0,0.0069491905,0,19.608398,22,0.5283203
894,4.201172,0.30855998,0.15289256,0,0.0069491905,0,19.59668,22,0.52734375
895,4.2148438,0.3086261,0.1532091,0,0.0069491905,0,19.625,22,0.5283203
896,4.2226563,0.3080976,0.1532091,0,0.0069491905,0,19.664063,22,0.5283203
897,4.2314453,0.30795953,0.15352698,0,0.0069491905,0,19.675781,22,0.5292969
898,4.236328,0.30795953,0.15352698,0,0.0069491905,0,19.663086,22,0.5292969
899,4.2402344,0.30795953,0.15352698,0,0.0069491905,0,19.669922,22,0.5292969
900,4.2402344,0.30761498,0.1532091,0,0.0069491905,0,19.695313,22,0.5283203
901,4.2421875,0.30720866,0.15257733,0,0.0069491905,0,19.666016,22,0.5263672
902,4.241211,0.30720866,0.15257733,0,0.0069491905,0,19.646484,22,0.5263672
903,4.2490234,0.30681813,0.15289256,0,0.0069491905,0,19.644531,22,0.52734375
904,4.2597656,0.30629075,0.15289256,0,0.0069491905,0,19.62207,22,0.52734375
905,4.274414,0.30523908,0.15289256,0,0.0069491905,0,19.612305,22,0.52734375
906,4.2851563,0.30433574,0.15113872,0,0.0069491905,0,19.608398,22,0.5283203
907,4.294922,0.30442315,0.15145229,0,0.0069491905,0,19.581055,22,0.5292969
908,4.3007813,0.3037501,0.15082644,0,0.0069491905,0,19.585938,22,0.52734375
909,4.3183594,0.30252904,0.15113872,0,0.0069491905,0,19.588867,22,0.5283203
910,4.3203125,0.30176064,0.15051547,0,0.0069491905,0,19.573242,22,0.5263672
911,4.330078,0.3017776,0.15082644,0,0.0069491905,0,19.583984,22,0.52734375
912,4.328125,0.3016636,0.15082644,0,0.0069491905,0,19.59375,22,0.52734375
913,4.3320313,0.30139083,0.15020576,0,0.0069491905,0,19.60254,22,0.5253906
914,4.341797,0.30106258,0.14989734,0,0.0069491905,0,19.567383,22,0.52441406
915,4.3466797,0.29929337,0.14639175,0,0.0069491905,0,19.558594,22,0.5263672
916,4.345703,0.2989688,0.14609054,0,0.0069491905,0,19.536133,22,0.5253906
917,4.341797,0.2989688,0.14609054,0,0.0069491905,0,19.583984,22,0.5253906
918,4.354492,0.29887876,0.14609054,0,0.0069491905,0,19.61621,22,0.5253906
919,4.357422,0.29920316,0.14639175,0,0.0069491905,0,19.604492,22,0.5263672
920,4.3671875,0.2986018,0.14609054,0,0.0069491905,0,19.53418,22,0.5253906
921,4.3720703,0.2985914,0.14579055,0,0.0069491905,0,19.561523,22,0.52441406
922,4.3828125,0.2986925,0.14609054,0,0.0069491905,0,19.580078,22,0.5253906
923,4.395508,0.29837978,0.14609054,0,0.0069491905,0,19.609375,22,0.5253906
924,4.3945313,0.29837978,0.14609054,0,0.0069491905,0,19.623047,22,0.5253906
925,4.4023438,0.29838976,0.14639175,0,0.0069491905,0,19.612305,22,0.5263672
926,4.4121094,0.297977,0.14609054,0,0.0069491905,0,19.605469,22,0.5253906
927,4.4121094,0.2972176,0.14432989,0,0.0069491905,0,19.595703,22,0.5263672
928,4.416992,0.29705384,0.14432989,0,0.0069491905,0,19.670898,22,0.5263672
929,4.4208984,0.29778063,0.14609054,0,0.0069491905,0,19.663086,22,0.5253906
930,4.4335938,0.29778063,0.14609054,0,0.0069491905,0,19.672852,22,0.5253906
931,4.4453125,0.29776803,0.14639175,0,0.0069491905,0,19.698242,22,0.5263672
932,4.4648438,0.29631004,0.14403293,0,0.0069491905,0,19.702148,22,0.5253906
933,4.475586,0.29624003,0.14373717,0,0.0069491905,0,19.702148,22,0.52441406
934,4.484375,0.29655835,0.14403293,0,0.0069491905,0,19.69336,22,0.5253906
935,4.493164,0.2953238,0.14403293,0,0.0069491905,0,19.745117,22,0.5253906
936,4.5029297,0.29386908,0.14403293,0,0.0069491905,0,19.738281,22,0.5253906
937,4.5078125,0.29334474,0.1446281,0,0.0069491905,0,19.756836,22,0.52734375
938,4.522461,0.29279342,0.14403293,0,0.0069491905,0,19.807617,22,0.5253906
939,4.5302734,0.29279342,0.14403293,0,0.0069491905,0,19.777344,22,0.5253906
940,4.529297,0.29279342,0.14403293,0,0.0069491905,0,19.788086,22,0.5253906
941,4.5371094,0.2924503,0.14344262,0,0.0069491905,0,19.783203,22,0.5234375
942,4.540039,0.29214457,0.14285715,0,0.0069491905,0,19.80957,22,0.5214844
943,4.5507813,0.29290256,0.14460285,0,0.0069491905,0,19.825195,22,0.5205078
944,4.557617,0.29287317,0.14460285,0,0.0069491905,0,19.816406,22,0.5205078
945,4.5703125,0.29206473,0.14460285,0,0.0069491905,0,19.808594,22,0.5205078
946,4.584961,0.29175878,0.14430894,0,0.0069491905,0,19.823242,22,0.51953125
947,4.595703,0.29057935,0.14227642,0,0.0069491905,0,19.844727,22,0.51953125
948,4.5976563,0.29027042,0.14227642,0,0.0069491905,0,19.857422,22,0.51953125
949,4.6015625,0.2908047,0.14285715,0,0.0069491905,0,19.859375,22,0.5214844
950,4.6132813,0.29009488,0.14227642,0,0.0069491905,0,19.830078,22,0.51953125
951,4.6152344,0.28894857,0.1417004,0,0.0069491905,0,19.839844,22,0.5175781
952,4.6308594,0.28800428,0.13995942,0,0.0069491905,0,19.838867,22,0.5185547
953,4.654297,0.28830197,0.1402439,0,0.0069491905,0,19.802734,22,0.51953125
954,4.6533203,0.28830197,0.1402439,0,0.0069491905,0,19.829102,22,0.51953125
955,4.654297,0.28800428,0.13995942,0,0.0069491905,0,19.827148,22,0.5185547
956,4.6523438,0.28741252,0.13939394,0,0.0069491905,0,19.802734,22,0.51660156
957,4.663086,0.28741252,0.13939394,0,0.0069491905,0,19.804688,22,0.51660156
958,4.6640625,0.28741255,0.13939394,0,0.0069491905,0,19.789063,22,0.51660156
959,4.682617,0.28694388,0.13793103,0,0.0069491905,0,19.789063,22,0.5185547
960,4.6904297,0.28656098,0.13765182,0,0.0069491905,0,19.793945,22,0.5175781
961,4.701172,0.28557035,0.13793103,0,0.0069491905,0,19.791992,22,0.5185547
962,4.692383,0.28557035,0.13793103,0,0.0069491905,0,19.776367,22,0.5185547
963,4.7041016,0.2852071,0.13737373,0,0.0069491905,0,19.791016,22,0.51660156
964,4.7060547,0.2852071,0.13737373,0,0.0069491905,0,19.78125,22,0.51660156
965,4.708008,0.28510466,0.13737373,0,0.0069491905,0,19.785156,22,0.51660156
966,4.7197266,0.2844249,0.13682093,0,0.0069491905,0,19.753906,22,0.51464844
967,4.7246094,0.28386772,0.13654618,0,0.0069491905,0,19.794922,22,0.5136719
968,4.734375,0.2836853,0.13654618,0,0.0069491905,0,19.8125,22,0.5136719
969,4.7333984,0.28367972,0.13709678,0,0.0069491905,0,19.874023,22,0.515625
970,4.745117,0.2822047,0.13737373,0,0.0069491905,0,19.860352,22,0.51660156
971,4.7490234,0.28106457,0.13535354,0,0.0069491905,0,19.870117,22,0.51660156
972,4.7626953,0.28050312,0.13480885,0,0.0069491905,0,19.860352,22,0.51464844
973,4.774414,0.28020328,0.13453816,0,0.0069491905,0,19.814453,22,0.5136719
974,4.7841797,0.27991882,0.134,0,0.0069491905,0,19.83496,22,0.51171875
975,4.7939453,0.27899373,0.13226452,0,0.0069491905,0,19.835938,22,0.5126953
976,4.803711,0.27875715,0.13253012,0,0.0069491905,0,19.882813,22,0.5136719
977,4.8183594,0.27848217,0.13226452,0,0.0069491905,0,19.878906,22,0.5126953
978,4.834961,0.27827963,0.132,0,0.0069491905,0,19.90918,22,0.51171875
979,4.850586,0.27800396,0.13147411,0,0.0069491905,0,19.958984,22,0.5097656
980,4.859375,0.27764568,0.13121273,0,0.0069491905,0,19.95996,22,0.50878906
981,4.8671875,0.27728882,0.13095239,0,0.0069491905,0,20.011719,22,0.5078125
982,4.870117,0.27711743,0.13095239,0,0.0069491905,0,20.00293,22,0.5078125
983,4.857422,0.27705204,0.13147411,0,0.0069491905,0,19.96289,22,0.5097656
984,4.8759766,0.27606946,0.13147411,0,0.0069491905,0,19.970703,22,0.5097656
985,4.870117,0.27607056,0.13121273,0,0.0069491905,0,19.978516,22,0.50878906
986,4.8759766,0.27604422,0.13069306,0,0.0069491905,0,19.97754,22,0.50683594
987,4.8876953,0.27499062,0.13043478,0,0.0069491905,0,19.964844,22,0.5058594
988,4.8789063,0.27499062,0.13043478,0,0.0069491905,0,19.94043,22,0.5058594
989,4.881836,0.2751842,0.13069306,0,0.0069491905,0,19.94043,22,0.50683594
990,4.876953,0.27537864,0.13095239,0,0.0069491905,0,19.93457,22,0.5078125
991,4.8876953,0.27499023,0.13095239,0,0.0069491905,0,19.956055,22,0.5078125
992,4.8935547,0.274042,0.12922466,0,0.0069491905,0,19.950195,22,0.50878906
993,4.9072266,0.27426755,0.12974052,0,0.0069491905,0,19.951172,22,0.5107422
994,4.915039,0.27355555,0.12774451,0,0.0069491905,0,19.97461,22,0.5107422
995,4.9189453,0.27235797,0.1257485,0,0.0069491905,0,19.967773,22,0.5107422
996,4.9316406,0.27149752,0.1262525,0,0.0069491905,0,19.987305,22,0.5126953
997,4.944336,0.27030578,0.1242485,0,0.0069491905,0,20.02246,22,0.5126953
998,4.942383,0.27030575,0.1242485,0,0.0069491905,0,20.032227,22,0.5126953
999,4.9414063,0.26910344,0.12224449,0,0.0069491905,0,20.07129,22,0.5126953
1000,4.942383,0.26857913,0.122,0,0.0069491905,0,20.076172,22,0.51171875
1001,4.951172,0.26862893,0.12175649,0,0.0069491905,0,20.036133,22,0.5107422
1002,4.9570313,0.26855546,0.12175649,0,0.0069491905,0,20.02246,22,0.5107422
1003,4.9589844,0.26830244,0.12151395,0,0.0069491905,0,20.011719,22,0.5097656
1004,4.977539,0.26821527,0.12151395,0,0.0069491905,0,19.982422,22,0.5097656
1005,4.989258,0.26719934,0.119760476,0,0.0069491905,0,20.019531,22,0.5107422
1006,4.9990234,0.2657761,0.11776447,0,0.0069491905,0,20.02832,22,0.5107422
1007,5.0039063,0.26552862,0.117529884,0,0.0069491905,0,20.041992,22,0.5097656
1008,5.0146484,0.2652605,0.117529884,0,0.0069491905,0,20.064453,22,0.5097656
1009,5.017578,0.26523784,0.11776447,0,0.0069491905,0,20.080078,22,0.5107422
1010,5.0283203,0.2641095,0.11576846,0,0.0069491905,0,20.088867,22,0.5107422
1011,5.0371094,0.2626562,0.11377245,0,0.0069491905,0,20.043945,22,0.5107422
1012,5.0410156,0.2626553,0.11354582,0,0.0069491905,0,20.10254,22,0.5097656
1013,5.046875,0.26258424,0.11354582,0,0.0069491905,0,20.103516,22,0.5097656
1014,5.060547,0.2625842,0.11354582,0,0.0069491905,0,20.174805,22,0.5097656
1015,5.0703125,0.26276442,0.114,0,0.0069491905,0,20.208984,22,0.51171875
1016,5.0751953,0.26276442,0.114,0,0.0069491905,0,20.28711,22,0.51171875
1017,5.0742188,0.26204714,0.114,0,0.0069491905,0,20.291016,22,0.51171875
1018,5.0966797,0.26117393,0.11222445,0,0.0069491905,0,20.34375,22,0.5126953
1019,5.100586,0.26093465,0.112,0,0.0069491905,0,20.360352,22,0.51171875
1020,5.1054688,0.26095134,0.11177645,0,0.0069491905,0,20.332031,22,0.5107422
1021,5.1083984,0.26095134,0.11177645,0,0.0069491905,0,20.353516,22,0.5107422
1022,5.120117,0.26095134,0.11177645,0,0.0069491905,0,20.31836,22,0.5107422
1023,5.1308594,0.26101622,0.11155379,0,0.0069491905,0,20.304688,22,0.5097656
1024,5.1347656,0.26101622,0.11155379,0,0.0069491905,0,20.325195,22,0.5097656
1025,5.133789,0.2601444,0.10778443,0,0.0069491905,0,20.327148,22,0.5107422
1026,5.147461,0.2601444,0.10778443,0,0.0069491905,0,20.371094,22,0.5107422
1027,5.138672,0.2601444,0.10778443,0,0.0069491905,0,20.368164,22,0.5107422
1028,5.1416016,0.25990817,0.107569724,0,0.0069491905,0,20.364258,22,0.5097656
1029,5.1523438,0.25990817,0.107569724,0,0.0069491905,0,20.378906,22,0.5097656
1030,5.1591797,0.25990817,0.107569724,0,0.0069491905,0,20.385742,22,0.5097656
1031,5.1728516,0.25869912,0.107569724,0,0.0069491905,0,20.37207,22,0.5097656
1032,5.178711,0.2584172,0.107569724,6,0,0,20.326172,13,0.5097656
