%  label: Fitness-sharing, 17/03/26 01-41-05
%  population_size: 2048
%  mutation_rate: 0.45
%  max_iterations: 800000
%  selection_method: Tournement
%  t_size: 4
%  brood_size: 2
%  min_start_len: 2
%  max_start_len: 32
%  max_len: 256
%  fit_goal: 0.1
%  cuckoo_rate: 0.15
%  threads: 4
%  num_demes: 1
%  migration: 0.05
%  use_viscosity: true
%  outregs: [4, 5, 6]
%  inregs: [0, 1, 2, 3]
%  binary_path: /home/oblivia/Projects/roper/data/tomato-RT-N18U-httpd
%  fitness_sharing: true
%  fatal_crash: false

ITERATION,SEASON,AVG-GEN,AVG-FIT,AVG-ABFIT,MIN-FIT,MIN-ABFIT,CRASH,BEST-GEN,BEST-FIT,BEST-ABFIT,BEST-CRASH,AVG-LENGTH,BEST-LENGTH,UNSEEN
1,0,0.0009765625,0.98847455,0.6666667,0.98847455,0.6666667,1,0,0.98847455,0.6666667,1,16.447266,29,0.9995117
2,0,0.001953125,0.80480045,0.6666667,0.4444447,0.6666667,0.6666667,0,0.98847455,0.6666667,1,16.436523,29,0.99853516
3,0,0.0029296875,0.76541984,0.6666667,0.4444447,0.6666667,0.6,0,0.98847455,0.6666667,1,16.425293,29,0.9975586
4,0,0.00390625,0.7504323,0.6666666,0.4444447,0.6666667,0.5714286,0,0.98847455,0.6666667,1,16.416016,29,0.99658203
5,0,0.0048828125,0.68243504,0.6666666,0.4444447,0.6666667,0.44444445,0,0.98847455,0.6666667,1,16.405762,29,0.99560547
6,0,0.005859375,0.63916403,0.66666657,0.4444447,0.6666667,0.36363637,0,0.98847455,0.6666667,1,16.41504,29,0.9946289
7,0,0.0068359375,0.65097106,0.6666666,0.4444447,0.6666667,0.3846154,0,0.98847455,0.6666667,1,16.409668,29,0.99365234
8,0,0.0078125,0.6234342,0.6666667,0.4444447,0.6666667,0.33333334,0,0.98847455,0.6666667,1,16.434082,29,0.9926758
9,0,0.0087890625,0.6023766,0.6666667,0.4444447,0.6666667,0.29411766,0,0.98847455,0.6666667,1,16.436035,29,0.9916992
10,0,0.009765625,0.5857522,0.66666675,0.4444447,0.6666667,0.2631579,0,0.98847455,0.6666667,1,16.438477,29,0.99072266
11,0,0.0107421875,0.57229435,0.66666675,0.4444447,0.6666667,0.23809524,0,0.98847455,0.6666667,1,16.43164,29,0.9897461
12,0,0.01171875,0.58443147,0.6666668,0.4444447,0.6666667,0.26086956,0,0.98847455,0.6666667,1,16.413574,29,0.98876953
13,0,0.0126953125,0.5999695,0.67413336,0.4444447,0.6666667,0.28,0,0.98847455,0.6666667,1,16.394531,29,0.98779297
14,0,0.013671875,0.5939878,0.6738462,0.4444447,0.6666667,0.26923078,0,0.98847455,0.6666667,1,16.385742,29,0.9873047
15,0,0.0146484375,0.5833062,0.6733333,0.4444447,0.6666667,0.25,0,0.98847455,0.6666667,1,16.378906,29,0.9863281
16,0,0.015625,0.57404876,0.6728888,0.4444447,0.6666667,0.23333333,0,0.98847455,0.6666667,1,16.362793,29,0.98535156
17,0,0.016601563,0.5829322,0.6724999,0.4444447,0.6666667,0.25,0,0.98847455,0.6666667,1,16.358398,29,0.984375
18,0,0.017578125,0.59506553,0.6723231,0.4444447,0.6666667,0.27272728,0,0.98847455,0.6666667,1,16.368164,29,0.9838867
19,0,0.018554688,0.5864586,0.6719999,0.4444447,0.6666667,0.25714287,0,0.98847455,0.6666667,1,16.350586,29,0.98291016
20,0,0.01953125,0.5787822,0.67171156,0.4444447,0.6666667,0.24324325,0,0.98847455,0.6666667,1,16.353516,29,0.9819336
21,0,0.020507813,0.5787822,0.67171156,0.4444447,0.6666667,0.24324325,0,0.98847455,0.6666667,1,16.338867,29,0.9819336
22,0,0.021484375,0.575247,0.67157876,0.4444447,0.6666667,0.23684211,0,0.98847455,0.6666667,1,16.330566,29,0.9814453
23,0,0.022460938,0.56870687,0.67133313,0.4444447,0.6666667,0.225,0,0.98847455,0.6666667,1,16.325684,29,0.98046875
24,0,0.0234375,0.57572776,0.67111087,0.4444447,0.6666667,0.23809524,0,0.98847455,0.6666667,1,16.314941,29,0.9794922
25,0,0.024414063,0.5726747,0.6710075,0.4444447,0.6666667,0.23255815,0,0.98847455,0.6666667,1,16.317871,29,0.9790039
26,0,0.025390625,0.5669756,0.6708146,0.4444447,0.6666667,0.22222222,0,0.98847455,0.6666667,1,16.298828,29,0.97802734
27,0,0.026367188,0.5617615,0.670638,0.4444447,0.6666667,0.21276596,0,0.98847455,0.6666667,1,16.313965,29,0.9770508
28,0,0.02734375,0.56762147,0.67047596,0.4444447,0.6666667,0.2244898,0,0.98847455,0.6666667,1,16.30371,29,0.9760742
29,0,0.029296875,0.562791,0.6703266,0.4444447,0.6666667,0.21568628,0,0.98847455,0.6666667,1,16.282227,29,0.97509766
30,0,0.030273438,0.5686759,0.67018855,0.4444447,0.6666667,0.2264151,0,0.98847455,0.6666667,1,16.276855,29,0.9741211
31,0,0.03125,0.56637526,0.67012334,0.4444447,0.6666667,0.22222222,0,0.98847455,0.6666667,1,16.279297,29,0.9736328
32,0,0.032226563,0.5717726,0.66999996,0.4444447,0.6666667,0.23214285,0,0.98847455,0.6666667,1,16.28711,29,0.97265625
33,0,0.034179688,0.5695388,0.6699415,0.4444447,0.6666667,0.22807017,0,0.98847455,0.6666667,1,16.277344,29,0.97216797
34,0,0.03515625,0.56738204,0.66988504,0.4444447,0.6666667,0.22413793,0,0.98847455,0.6666667,1,16.288086,29,0.9716797
35,0,0.036132813,0.5652984,0.6698305,0.4444447,0.6666667,0.22033899,0,0.98847455,0.6666667,1,16.280273,29,0.9711914
36,0,0.036621094,0.561336,0.66972685,0.4444447,0.6666667,0.21311475,0,0.98847455,0.6666667,1,16.286133,29,0.97021484
37,0,0.037597656,0.55945057,0.6696775,0.4444447,0.6666667,0.20967741,0,0.98847455,0.6666667,1,16.28418,29,0.96972656
38,0,0.03857422,0.56442976,0.66958344,0.4444447,0.6666667,0.21875,0,0.98847455,0.6666667,1,16.273926,29,0.96875
39,0,0.03955078,0.56886655,0.6694951,0.4444447,0.6666667,0.22727273,0,0.98847455,0.6666667,1,16.25879,29,0.96777344
40,0,0.041503906,0.57314104,0.66941196,0.4444447,0.6666667,0.23529412,0,0.98847455,0.6666667,1,16.28711,29,0.9667969
41,0,0.04248047,0.569464,0.6693335,0.4444447,0.6666667,0.22857143,0,0.98847455,0.6666667,1,16.293945,29,0.9658203
42,0,0.044433594,0.5659913,0.6692595,0.4444447,0.6666667,0.22222222,0,0.98847455,0.6666667,1,16.280273,29,0.96484375
43,0,0.044921875,0.57006145,0.66918945,0.4444447,0.6666667,0.22972973,0,0.98847455,0.6666667,1,16.27295,29,0.9638672
44,0,0.047851563,0.5667558,0.6691231,0.4444447,0.6666667,0.2236842,0,0.98847455,0.6666667,1,16.263672,29,0.9628906
45,0,0.048828125,0.5718782,0.66917783,0.4444447,0.6666667,0.23376623,0,0.98847455,0.6666667,1,16.257813,29,0.96240234
46,0,0.049804688,0.5702445,0.66914564,0.4444447,0.6666667,0.23076923,0,0.98847455,0.6666667,1,16.250488,29,0.96191406
47,0,0.05029297,0.57399595,0.6690837,0.4444447,0.6666667,0.2375,0,0.98847455,0.6666667,1,16.256836,29,0.9609375
48,0,0.05126953,0.5723965,0.66905385,0.4444447,0.6666667,0.2345679,0,0.98847455,0.6666667,1,16.248047,29,0.9604492
49,0,0.052246094,0.56931335,0.6689964,0.4444447,0.6666667,0.22891566,0,0.98847455,0.6666667,1,16.243164,29,0.95947266
50,0,0.053222656,0.56637526,0.6689416,0.4444447,0.6666667,0.22352941,0,0.98847455,0.6666667,1,16.24414,29,0.9584961
51,0,0.05419922,0.56357235,0.66888934,0.4444447,0.6666667,0.21839081,0,0.98847455,0.6666667,1,16.248535,29,0.95751953
52,0,0.05517578,0.5608953,0.6688394,0.4444447,0.6666667,0.21348314,0,0.98847455,0.6666667,1,16.246094,29,0.95654297
53,0,0.056152344,0.5596015,0.66881526,0.4444447,0.6666667,0.21111111,0,0.98847455,0.6666667,1,16.238281,29,0.9560547
54,0,0.05810547,0.5570981,0.6687685,0.4444447,0.6666667,0.20652173,0,0.98847455,0.6666667,1,16.240723,29,0.9550781
55,0,0.060058594,0.55470127,0.6687239,0.4444447,0.6666667,0.20212767,0,0.98847455,0.6666667,1,16.240723,29,0.95410156
56,0,0.061035156,0.5524043,0.66868097,0.4444447,0.6666667,0.19791667,0,0.98847455,0.6666667,1,16.234863,29,0.953125
57,0,0.061523438,0.5614381,0.66863984,0.4444447,0.6666667,0.21428572,0,0.98847455,0.6666667,1,16.225098,29,0.95214844
58,0,0.0625,0.55909824,0.6686003,0.4444447,0.6666667,0.21,0,0.98847455,0.6666667,1,16.236816,29,0.9511719
59,0,0.06347656,0.5621516,0.66856235,0.4444447,0.6666667,0.21568628,0,0.98847455,0.6666667,1,16.229492,29,0.9501953
60,0,0.064453125,0.55988806,0.6685258,0.4444447,0.6666667,0.21153846,0,0.98847455,0.6666667,1,16.22998,29,0.94921875
61,0,0.06542969,0.5587886,0.6685081,0.4444447,0.6666667,0.20952381,0,0.98847455,0.6666667,1,16.218262,29,0.94873047
62,0,0.06640625,0.55770993,0.6684907,0.4444447,0.6666667,0.20754717,0,0.98847455,0.6666667,1,16.21045,29,0.9482422
63,0,0.06738281,0.5606929,0.6684569,0.4444447,0.6666667,0.21296297,0,0.98847455,0.6666667,1,16.21582,29,0.9472656
64,0,0.068359375,0.55857927,0.6684243,0.4444447,0.6666667,0.2090909,0,0.98847455,0.6666667,1,16.20996,29,0.94628906
65,0,0.07128906,0.5565412,0.66839284,0.4444447,0.6666667,0.20535715,0,0.98847455,0.6666667,1,16.20166,29,0.9453125
66,0,0.07324219,0.5545746,0.6683626,0.4444447,0.6666667,0.20175439,0,0.98847455,0.6666667,1,16.222656,29,0.94433594
67,0,0.07519531,0.5573928,0.6683333,0.4444447,0.6666667,0.20689656,0,0.98847455,0.6666667,1,16.20996,29,0.9433594
68,0,0.076171875,0.5610752,0.66831905,0.4444447,0.6666667,0.21367522,0,0.98847455,0.6666667,1,16.205566,29,0.9428711
69,0,0.07714844,0.55911505,0.6682912,0.4444447,0.6666667,0.21008404,0,0.98847455,0.6666667,1,16.21045,29,0.94189453
70,0,0.07910156,0.5572197,0.6682643,0.4444447,0.6666667,0.20661157,0,0.98847455,0.6666667,1,16.217773,29,0.94091797
71,0,0.080078125,0.5562953,0.6682512,0.4444447,0.6666667,0.20491803,0,0.98847455,0.6666667,1,16.205566,29,0.9404297
72,0,0.08105469,0.56329566,0.66822565,0.4444447,0.6666667,0.21774194,0,0.98847455,0.6666667,1,16.188965,29,0.9394531
73,0,0.08203125,0.56234485,0.6682131,0.4444447,0.6666667,0.216,0,0.98847455,0.6666667,1,16.19629,29,0.93896484
74,0,0.08300781,0.56048816,0.66818875,0.4444447,0.6666667,0.21259843,0,0.98847455,0.6666667,1,16.20166,29,0.9379883
75,0,0.083984375,0.5595816,0.66817683,0.4444447,0.6666667,0.2109375,0,0.98847455,0.6666667,1,16.192383,29,0.9375
76,0,0.08496094,0.56203306,0.6681536,0.4444447,0.6666667,0.21538462,0,0.98847455,0.6666667,1,16.18457,29,0.93652344
77,0,0.0859375,0.5602514,0.668131,0.4444447,0.6666667,0.21212122,0,0.98847455,0.6666667,1,16.19336,29,0.9355469
78,0,0.08691406,0.55852294,0.6681091,0.4444447,0.6666667,0.20895523,0,0.98847455,0.6666667,1,16.191895,29,0.9345703
79,0,0.087890625,0.55767787,0.6680984,0.4444447,0.6666667,0.2074074,0,0.98847455,0.6666667,1,16.19043,29,0.93408203
80,0,0.08886719,0.5560248,0.66807747,0.4444447,0.6666667,0.20437956,0,0.98847455,0.6666667,1,16.183105,29,0.93310547
81,0,0.08984375,0.55521625,0.6680672,0.4444447,0.6666667,0.20289855,0,0.98847455,0.6666667,1,16.190918,29,0.9326172
82,0,0.09082031,0.55521625,0.6680672,0.4444447,0.6666667,0.20289855,0,0.98847455,0.6666667,1,16.191406,29,0.9326172
83,0,0.09277344,0.55363375,0.6680472,0.4444447,0.6666667,0.2,0,0.98847455,0.6666667,1,16.182617,29,0.9316406
84,0,0.09375,0.55285937,0.66803735,0.4444447,0.6666667,0.19858156,0,0.98847455,0.6666667,1,16.163574,29,0.93115234
85,0,0.095703125,0.55905634,0.66801816,0.4444447,0.6666667,0.20979021,0,0.98847455,0.6666667,1,16.151367,29,0.9301758
86,0,0.09765625,0.56010306,0.669011,0.4444447,0.6666667,0.2137931,0,0.98847455,0.6666667,1,16.153809,29,0.9291992
87,0,0.099609375,0.56010306,0.669011,0.4444447,0.6666667,0.2137931,0,0.98847455,0.6666667,1,16.15332,29,0.9291992
88,0,0.10058594,0.5621432,0.66897905,0.4444447,0.6666667,0.21768707,0,0.98847455,0.6666667,1,16.143066,29,0.92822266
89,0,0.1015625,0.5678756,0.6690374,0.4444447,0.6666667,0.22818792,0,0.98847455,0.6666667,1,16.152832,29,0.9272461
90,0,0.10253906,0.5678756,0.6690374,0.4444447,0.6666667,0.22818792,0,0.98847455,0.6666667,1,16.149902,29,0.9272461
91,0,0.103515625,0.5662408,0.669006,0.4444447,0.6666667,0.22516556,0,0.98847455,0.6666667,1,16.14746,29,0.92626953
92,0,0.10595703,0.5646486,0.66897535,0.4444447,0.6666667,0.22222222,0,0.98847455,0.6666667,1,16.13916,29,0.92529297
93,0,0.106933594,0.56309766,0.66894555,0.4444447,0.6666667,0.21935484,0,0.98847455,0.6666667,1,16.143066,29,0.9243164
94,0,0.107910156,0.5623371,0.66893095,0.4444447,0.6666667,0.21794872,0,0.98847455,0.6666667,1,16.126953,29,0.9238281
95,0,0.10888672,0.56430984,0.6689022,0.4444447,0.6666667,0.221519,0,0.98847455,0.6666667,1,16.115723,29,0.92285156
96,0,0.10986328,0.5696822,0.66887426,0.4444447,0.6666667,0.23125,0,0.98847455,0.6666667,1,16.121582,29,0.921875
97,0,0.110839844,0.568136,0.66884696,0.4444447,0.6666667,0.22839506,0,0.98847455,0.6666667,1,16.123535,29,0.92089844
98,0,0.11279297,0.5673772,0.6688336,0.4444447,0.6666667,0.22699386,0,0.98847455,0.6666667,1,16.129395,29,0.92041016
99,0,0.11376953,0.56921256,0.66880727,0.4444447,0.6666667,0.23030303,0,0.98847455,0.6666667,1,16.129883,29,0.9194336
100,0,0.114746094,0.5716519,0.6687944,0.4444447,0.6666667,0.23493975,0,0.98847455,0.6666667,1,16.151855,29,0.9189453
101,0,0.11669922,0.5701375,0.668769,0.4444447,0.6666667,0.23214285,0,0.98847455,0.6666667,1,16.14795,29,0.91796875
102,0,0.11767578,0.5718512,0.66874427,0.4444447,0.6666667,0.23529412,0,0.98847455,0.6666667,1,16.140137,29,0.9169922
103,0,0.118652344,0.5711061,0.6687321,0.4444447,0.6666667,0.23391813,0,0.98847455,0.6666667,1,16.124512,29,0.9165039
104,0,0.119628906,0.56964177,0.6687082,0.4444447,0.6666667,0.23121387,0,0.98847455,0.6666667,1,16.109375,29,0.91552734
105,0,0.12060547,0.56964177,0.6687082,0.4444447,0.6666667,0.23121387,0,0.98847455,0.6666667,1,16.091797,29,0.91552734
106,0,0.12158203,0.56821096,0.66868484,0.4444447,0.6666667,0.22857143,0,0.98847455,0.6666667,1,16.07959,29,0.9145508
107,0,0.123535156,0.56750774,0.66867334,0.4444447,0.6666667,0.22727273,0,0.98847455,0.6666667,1,16.071777,29,0.9140625
108,0,0.12451172,0.569232,0.66865075,0.4444447,0.6666667,0.23033708,0,0.98847455,0.6666667,1,16.062012,29,0.91308594
109,0,0.12548828,0.56784546,0.6686287,0.4444447,0.6666667,0.22777778,0,0.98847455,0.6666667,1,16.063477,29,0.9121094
110,0,0.12646484,0.56951255,0.6686071,0.4444447,0.6666667,0.23076923,0,0.98847455,0.6666667,1,16.071777,29,0.9111328
111,0,0.1274414,0.57108516,0.66858596,0.4444447,0.6666667,0.23369566,0,0.98847455,0.6666667,1,16.055664,29,0.91015625
112,0,0.12841797,0.57264125,0.66856533,0.4444447,0.6666667,0.23655914,0,0.98847455,0.6666667,1,16.04834,29,0.9091797
113,0,0.1303711,0.5719557,0.66855514,0.4444447,0.6666667,0.23529412,0,0.98847455,0.6666667,1,16.047363,29,0.9086914
114,0,0.13134766,0.57350343,0.6685351,0.4444447,0.6666667,0.23809524,0,0.98847455,0.6666667,1,16.041992,29,0.90771484
115,0,0.13232422,0.57491297,0.66851556,0.4444447,0.6666667,0.2408377,0,0.98847455,0.6666667,1,16.03955,29,0.9067383
116,0,0.13330078,0.5792569,0.66849643,0.4444447,0.6666667,0.24870466,0,0.98847455,0.6666667,1,16.027344,29,0.9057617
117,0,0.13427734,0.57856196,0.668487,0.4444447,0.6666667,0.24742268,0,0.98847455,0.6666667,1,16.019043,29,0.90527344
118,0,0.1352539,0.58072317,0.6684777,0.4444447,0.6666667,0.25128207,0,0.98847455,0.6666667,1,16.013672,29,0.90478516
119,0,0.13623047,0.5821212,0.6684594,0.4444447,0.6666667,0.2538071,0,0.98847455,0.6666667,1,16.005371,29,0.9038086
120,0,0.13720703,0.5834742,0.6684415,0.4444447,0.6666667,0.2562814,0,0.98847455,0.6666667,1,15.998047,29,0.90283203
121,0,0.13769531,0.58277905,0.6684326,0.4444447,0.6666667,0.255,0,0.98847455,0.6666667,1,16.007324,29,0.90234375
122,0,0.13964844,0.5814094,0.6684152,0.4444447,0.6666667,0.25247526,0,0.98847455,0.6666667,1,16.01123,29,0.9013672
123,0,0.13964844,0.58006656,0.6683981,0.4444447,0.6666667,0.25,0,0.98847455,0.6666667,1,16.005371,29,0.9003906
124,0,0.14013672,0.58006656,0.6683981,0.4444447,0.6666667,0.25,0,0.98847455,0.6666667,1,16.003418,29,0.9003906
125,0,0.14208984,0.57940495,0.6683897,0.4444447,0.6666667,0.24878049,0,0.98847455,0.6666667,1,15.999023,29,0.89990234
126,0,0.1430664,0.578101,0.66837305,0.4444447,0.6666667,0.24637681,0,0.98847455,0.6666667,1,15.998047,29,0.8989258
127,0,0.14404297,0.57745844,0.6683649,0.4444447,0.6666667,0.2451923,0,0.98847455,0.6666667,1,15.99707,29,0.8984375
128,0,0.14501953,0.5813603,0.6683488,0.4444447,0.6666667,0.25238097,0,0.98847455,0.6666667,1,16.000977,29,0.89746094
129,0,0.1459961,0.58071136,0.6683408,0.4444447,0.6666667,0.25118482,0,0.98847455,0.6666667,1,15.995117,29,0.89697266
130,0,0.14794922,0.582015,0.6683251,0.4444447,0.6666667,0.2535211,0,0.98847455,0.6666667,1,16.001953,29,0.8959961
131,0,0.14941406,0.5807352,0.66830975,0.4444447,0.6666667,0.2511628,0,0.98847455,0.6666667,1,16.00586,29,0.89501953
132,0,0.15039063,0.58010423,0.6683022,0.4444447,0.6666667,0.25,0,0.98847455,0.6666667,1,15.993164,29,0.89453125
133,1,0.15136719,0.57958776,0.6682872,0.4444447,0.6666667,0.24770643,0,0.98847455,0.6666667,1,15.992676,29,0.8935547
134,1,0.15234375,0.5833406,0.66827255,0.4444447,0.6666667,0.25454545,0,0.98847455,0.6666667,1,16.003418,29,0.8925781
135,1,0.15332031,0.583911,0.6682653,0.4444447,0.6666667,0.25339368,0,0.98847455,0.6666667,1,15.993164,29,0.89208984
136,1,0.15576172,0.58385247,0.66825813,0.43844995,0.6666667,0.25225225,0,0.98847455,0.6666667,1,15.989258,29,0.89160156
137,1,0.15673828,0.5856566,0.66824394,0.43844995,0.6666667,0.2544643,0,0.98847455,0.6666667,1,15.977051,29,0.890625
138,1,0.1586914,0.5855792,0.66823006,0.43844995,0.6666667,0.25221238,0,0.98847455,0.6666667,1,15.957031,29,0.88964844
139,1,0.15966797,0.58739555,0.6682232,0.43844995,0.6666667,0.2555066,0,0.98847455,0.6666667,1,15.960449,29,0.88916016
140,1,0.16064453,0.5909512,0.6682096,0.43844995,0.6666667,0.26200873,0,0.98847455,0.6666667,1,15.977539,29,0.8881836
141,1,0.16210938,0.59026206,0.66820294,0.43844995,0.6666667,0.26086956,0,0.98847455,0.6666667,1,15.987793,29,0.8876953
142,1,0.16308594,0.5902942,0.6682096,0.43844995,0.6666667,0.26200873,0,0.98847455,0.6666667,1,15.984375,29,0.8881836
143,1,0.16503906,0.5884981,0.6682096,0.43844995,0.6666667,0.2576419,0,0.98847455,0.6666667,1,15.977539,29,0.8881836
144,1,0.16552734,0.5885619,0.66820294,0.43844995,0.6666667,0.25652173,0,0.98847455,0.6666667,1,15.981445,29,0.8876953
145,1,0.16748047,0.58846146,0.66818976,0.43844995,0.6666667,0.25431034,0,0.98847455,0.6666667,1,15.974609,29,0.88671875
146,1,0.16845703,0.5883627,0.6681768,0.43844995,0.6666667,0.25213677,0,0.98847455,0.6666667,1,15.955078,29,0.8857422
147,1,0.1694336,0.588314,0.66817033,0.43844995,0.6666667,0.25106382,0,0.98847455,0.6666667,1,15.961426,29,0.8852539
148,1,0.17041016,0.5882178,0.6681577,0.43844995,0.6666667,0.24894515,0,0.98847455,0.6666667,1,15.95459,29,0.88427734
149,1,0.17138672,0.58817035,0.6681515,0.43844995,0.6666667,0.24789916,0,0.98847455,0.6666667,1,15.93457,29,0.88378906
150,1,0.17236328,0.58807653,0.66813916,0.43844995,0.6666667,0.24583334,0,0.98847455,0.6666667,1,15.919434,29,0.8828125
151,1,0.17333984,0.5897325,0.668127,0.43844995,0.6666667,0.24793388,0,0.98847455,0.6666667,1,15.904297,29,0.88183594
152,1,0.17675781,0.5912947,0.66812104,0.43844995,0.6666667,0.2510288,0,0.98847455,0.6666667,1,15.906738,29,0.88134766
153,1,0.17675781,0.5928612,0.6681092,0.43844995,0.6666667,0.25306123,0,0.98847455,0.6666667,1,15.891113,29,0.8803711
154,1,0.17871094,0.5916109,0.66809756,0.43844995,0.6666667,0.25101215,0,0.98847455,0.6666667,1,15.874512,29,0.87939453
155,1,0.1796875,0.5937392,0.66809183,0.43844995,0.6666667,0.25403225,0,0.98847455,0.6666667,1,15.861328,29,0.87890625
156,1,0.18066406,0.59158885,0.6669605,0.21144292,0.38666666,0.252,0,0.21144292,0.38666666,0,15.850586,5,0.8779297
157,1,0.18164063,0.5920582,0.6669593,0.21144292,0.38666666,0.25099602,0,0.21144292,0.38666666,0,15.841309,5,0.8774414
158,1,0.18261719,0.5936302,0.66695815,0.21144292,0.38666666,0.25396827,0,0.21144292,0.38666666,0,15.845703,5,0.8769531
159,1,0.18457031,0.5952112,0.666957,0.21144292,0.38666666,0.256917,0,0.21144292,0.38666666,0,15.848633,5,0.87646484
160,1,0.18554688,0.59459406,0.6669559,0.21144292,0.38666666,0.2559055,0,0.21144292,0.38666666,0,15.841797,5,0.87597656
161,1,0.18652344,0.594041,0.6669537,0.21144292,0.38666666,0.25390625,0,0.21144292,0.38666666,0,15.847656,5,0.875
162,1,0.18701172,0.5954936,0.6669515,0.21144292,0.38666666,0.25581396,0,0.21144292,0.38666666,0,15.857422,5,0.87402344
163,1,0.18798828,0.5954219,0.6669504,0.21144292,0.38666666,0.25482625,0,0.21144292,0.38666666,0,15.858887,5,0.87353516
164,1,0.18798828,0.5953277,0.66694933,0.21144292,0.38666666,0.25384617,0,0.21144292,0.38666666,0,15.862793,5,0.8730469
165,1,0.18896484,0.5952571,0.66694826,0.21144292,0.38666666,0.25287357,0,0.21144292,0.38666666,0,15.86084,5,0.8725586
166,1,0.1899414,0.5935927,0.66694725,0.21144292,0.38666666,0.24809161,0,0.21144292,0.38666666,0,15.846191,5,0.8720703
167,1,0.19091797,0.5910209,0.6669462,0.21144292,0.38666666,0.243346,0,0.21144292,0.38666666,0,15.852051,5,0.87158203
168,1,0.19189453,0.5915246,0.6669462,0.21144292,0.38666666,0.243346,0,0.21144292,0.38666666,0,15.876953,5,0.87158203
169,1,0.1928711,0.59197104,0.66694516,0.21144292,0.38666666,0.24242425,0,0.21144292,0.38666666,0,15.869141,5,0.87109375
170,1,0.19384766,0.5918578,0.6669431,0.21144292,0.38666666,0.24060151,0,0.21144292,0.38666666,0,15.868652,5,0.8701172
171,1,0.19482422,0.5917463,0.66694105,0.21144292,0.38666666,0.23880596,0,0.21144292,0.38666666,0,15.844238,5,0.8691406
172,1,0.19677734,0.59169114,0.66694003,0.21144292,0.38666666,0.23791821,0,0.21144292,0.38666666,0,15.854004,5,0.86865234
173,1,0.1977539,0.592127,0.6669391,0.21144292,0.38666666,0.23703703,0,0.21144292,0.38666666,0,15.864746,5,0.86816406
174,1,0.19873047,0.5931083,0.6669391,0.21144292,0.38666666,0.23703703,0,0.21144292,0.38666666,0,15.84082,5,0.86816406
175,1,0.19970703,0.5930264,0.66693807,0.21144292,0.38666666,0.23616236,0,0.21144292,0.38666666,0,15.833496,5,0.8676758
176,1,0.2006836,0.5941554,0.6669361,0.21144292,0.38666666,0.24175824,0,0.21144292,0.38666666,0,15.828125,5,0.8666992
177,1,0.20263672,0.5942515,0.6669361,0.21144292,0.38666666,0.24175824,0,0.21144292,0.38666666,0,15.821777,5,0.8666992
178,1,0.20361328,0.5947368,0.6669361,0.21144292,0.38666666,0.24175824,0,0.21144292,0.38666666,0,15.821777,5,0.8666992
179,1,0.2055664,0.5941664,0.66693515,0.21144292,0.38666666,0.24087591,0,0.21144292,0.38666666,0,15.824219,5,0.86621094
180,1,0.20751953,0.59554005,0.66693324,0.21144292,0.38666666,0.24275362,0,0.21144292,0.38666666,0,15.821289,5,0.8652344
181,1,0.2084961,0.59551835,0.66693324,0.21144292,0.38666666,0.24275362,0,0.21144292,0.38666666,0,15.813965,5,0.8652344
182,1,0.20947266,0.59438837,0.66693133,0.21144292,0.38666666,0.2410072,0,0.21144292,0.38666666,0,15.810547,5,0.8642578
183,1,0.20800781,0.59480053,0.6669304,0.21144292,0.38666666,0.24014337,0,0.21144292,0.38666666,0,15.801758,5,0.86376953
184,1,0.20898438,0.59471524,0.6669295,0.21144292,0.38666666,0.23928571,0,0.21144292,0.38666666,0,15.802246,5,0.86328125
185,1,0.20996094,0.5932019,0.6669295,0.21144292,0.38666666,0.23571429,0,0.21144292,0.38666666,0,15.799805,5,0.86328125
186,1,0.20996094,0.59137326,0.6669285,0.21144292,0.38666666,0.23131673,0,0.21144292,0.38666666,0,15.791016,5,0.86279297
187,1,0.2109375,0.59137326,0.6669285,0.21144292,0.38666666,0.23131673,0,0.21144292,0.38666666,0,15.778809,5,0.86279297
188,1,0.21240234,0.58973163,0.6652777,0.14125302,0.2,0.22968198,1,0.14125302,0.2,0,15.766602,7,0.8618164
189,1,0.21435547,0.5897105,0.6652777,0.14125302,0.2,0.22968198,1,0.14125302,0.2,0,15.762695,7,0.8618164
190,1,0.21435547,0.5891348,0.6652875,0.14125302,0.2,0.22807017,1,0.14125302,0.2,0,15.753418,7,0.86083984
191,1,0.21728516,0.59049624,0.66529715,0.14125302,0.2,0.22996515,1,0.14125302,0.2,0,15.741699,7,0.8598633
192,1,0.21923828,0.5904023,0.6653066,0.14125302,0.2,0.2283737,1,0.14125302,0.2,0,15.73584,7,0.8588867
193,1,0.22070313,0.59033513,0.66531134,0.14125302,0.2,0.22758621,1,0.14125302,0.2,0,15.743652,7,0.85839844
194,1,0.2241211,0.59169215,0.6653207,0.14125302,0.2,0.22945206,1,0.14125302,0.2,0,15.740723,7,0.8574219
195,1,0.22460938,0.5916417,0.6653253,0.14125302,0.2,0.22866894,1,0.14125302,0.2,0,15.735352,7,0.8569336
196,1,0.2265625,0.59022343,0.6653253,0.14125302,0.2,0.22525597,1,0.14125302,0.2,0,15.719238,7,0.8569336
197,1,0.22705078,0.5897508,0.6653253,0.14125302,0.2,0.22525597,1,0.14125302,0.2,0,15.736816,7,0.8569336
198,1,0.22998047,0.5896638,0.6653344,0.14125302,0.2,0.22372882,1,0.14125302,0.2,0,15.737305,7,0.85595703
199,1,0.2319336,0.58962077,0.66533893,0.14125302,0.2,0.22297297,1,0.14125302,0.2,0,15.744141,7,0.85546875
200,1,0.23242188,0.5895779,0.6653434,0.14125302,0.2,0.22222222,1,0.14125302,0.2,0,15.736816,7,0.85498047
201,1,0.23339844,0.5895779,0.6653434,0.14125302,0.2,0.22222222,1,0.14125302,0.2,0,15.738281,7,0.85498047
202,1,0.23486328,0.58962345,0.6653479,0.14125302,0.2,0.22147651,1,0.14125302,0.2,0,15.728027,7,0.8544922
203,1,0.23779297,0.58953875,0.6653567,0.14125302,0.2,0.22,1,0.14125302,0.2,0,15.716309,7,0.8535156
204,1,0.2397461,0.5889967,0.6653654,0.14125302,0.2,0.21854305,1,0.14125302,0.2,0,15.696777,7,0.85253906
205,1,0.24169922,0.58891726,0.665374,0.14125302,0.2,0.21710527,1,0.14125302,0.2,0,15.700684,7,0.8515625
206,1,0.2421875,0.58931214,0.6653783,0.14125302,0.2,0.21639344,1,0.14125302,0.2,0,15.70166,7,0.8510742
207,1,0.24511719,0.5897045,0.6653825,0.14125302,0.2,0.21568628,1,0.14125302,0.2,0,15.709473,7,0.85058594
208,1,0.24560547,0.58917195,0.66539085,0.14125302,0.2,0.21428572,1,0.14125302,0.2,0,15.723145,7,0.8496094
209,1,0.24658203,0.58872235,0.66539085,0.14125302,0.2,0.21428572,1,0.14125302,0.2,0,15.73877,7,0.8496094
210,1,0.2475586,0.58866477,0.665395,0.14125302,0.2,0.21359223,1,0.14125302,0.2,0,15.745605,7,0.8491211
211,1,0.24853516,0.58862686,0.66539913,0.14125302,0.2,0.21290323,1,0.14125302,0.2,0,15.750488,7,0.8486328
212,1,0.25048828,0.5912278,0.6654073,0.14125302,0.2,0.21794872,1,0.14125302,0.2,0,15.734863,7,0.84765625
213,1,0.25195313,0.59160537,0.6654113,0.14125302,0.2,0.2172524,1,0.14125302,0.2,0,15.731934,7,0.84716797
214,1,0.2529297,0.59158623,0.6654113,0.14125302,0.2,0.2172524,1,0.14125302,0.2,0,15.723633,7,0.84716797
215,1,0.2548828,0.59162307,0.66541535,0.14125302,0.2,0.21656051,1,0.14125302,0.2,0,15.719727,7,0.8466797
216,1,0.2553711,0.5911938,0.6654233,0.14125302,0.2,0.21518987,1,0.14125302,0.2,0,15.708984,7,0.8457031
217,1,0.25634766,0.59246725,0.6654272,0.14125302,0.2,0.21766561,1,0.14125302,0.2,0,15.708008,7,0.84521484
218,1,0.25732422,0.59288514,0.6654272,0.14125302,0.2,0.21766561,1,0.14125302,0.2,0,15.694336,7,0.84521484
219,1,0.25830078,0.5928662,0.6654272,0.14125302,0.2,0.21766561,1,0.14125302,0.2,0,15.694824,7,0.84521484
220,1,0.2607422,0.5918981,0.665435,0.14125302,0.2,0.21630093,1,0.14125302,0.2,0,15.701172,7,0.8442383
221,1,0.26171875,0.59141856,0.6654389,0.14125302,0.2,0.215625,1,0.14125302,0.2,0,15.684082,7,0.84375
222,1,0.26171875,0.59089845,0.6654465,0.14125302,0.2,0.21428572,1,0.14125302,0.2,0,15.686035,7,0.84277344
223,1,0.26171875,0.5925638,0.66545033,0.14125302,0.2,0.21671827,1,0.14125302,0.2,0,15.687988,7,0.84228516
224,1,0.26367188,0.5920881,0.6654541,0.14125302,0.2,0.21604939,1,0.14125302,0.2,0,15.6953125,7,0.8417969
225,1,0.265625,0.592497,0.6654541,0.14125302,0.2,0.21604939,1,0.14125302,0.2,0,15.699219,7,0.8417969
226,1,0.26660156,0.59244907,0.66545784,0.14125302,0.2,0.21538462,1,0.14125302,0.2,0,15.697266,7,0.8413086
227,1,0.26757813,0.59235406,0.6654653,0.14125302,0.2,0.21406728,1,0.14125302,0.2,0,15.69873,7,0.84033203
228,1,0.2685547,0.5935027,0.6654726,0.14125302,0.2,0.21580547,1,0.14125302,0.2,0,15.6875,7,0.83935547
229,1,0.26904297,0.5938871,0.6654726,0.14125302,0.2,0.21580547,1,0.14125302,0.2,0,15.691406,7,0.83935547
230,1,0.26953125,0.5935138,0.66547626,0.14125302,0.2,0.21515152,1,0.14125302,0.2,0,15.691406,7,0.8388672
231,1,0.27148438,0.59469604,0.66547984,0.14125302,0.2,0.21752267,1,0.14125302,0.2,0,15.683594,7,0.8383789
232,1,0.2734375,0.5953949,0.665487,0.14125302,0.2,0.21921922,1,0.14125302,0.2,0,15.665527,7,0.83740234
233,1,0.27441406,0.59492505,0.66549057,0.14125302,0.2,0.21856287,1,0.14125302,0.2,0,15.654785,7,0.83691406
234,1,0.2763672,0.59490705,0.66549057,0.14125302,0.2,0.21856287,1,0.14125302,0.2,0,15.653809,7,0.83691406
235,1,0.27734375,0.5961059,0.6654941,0.14125302,0.2,0.22089553,1,0.14125302,0.2,0,15.654297,7,0.8364258
236,1,0.2783203,0.5972203,0.66550106,0.14125302,0.2,0.22255193,1,0.14125302,0.2,0,15.658203,7,0.8354492
237,1,0.28027344,0.5971005,0.665508,0.14125302,0.2,0.22123894,1,0.14125302,0.2,0,15.66748,7,0.83447266
238,1,0.28125,0.59827423,0.6655114,0.14125302,0.2,0.22352941,1,0.14125302,0.2,0,15.655762,7,0.8339844
239,1,0.28222656,0.59860003,0.6655148,0.14125302,0.2,0.2228739,1,0.14125302,0.2,0,15.640625,7,0.8334961
240,1,0.28271484,0.5996754,0.66552156,0.14125302,0.2,0.2244898,1,0.14125302,0.2,0,15.618652,7,0.83251953
241,1,0.2836914,0.5989276,0.66552824,0.14125302,0.2,0.2231884,1,0.14125302,0.2,0,15.614258,7,0.83154297
242,1,0.28564453,0.5988008,0.6655348,0.14125302,0.2,0.22190201,1,0.14125302,0.2,0,15.624023,7,0.8305664
243,1,0.2866211,0.5998677,0.66554135,0.14125302,0.2,0.2234957,1,0.14125302,0.2,0,15.612793,7,0.82958984
244,1,0.28759766,0.59934247,0.6655478,0.14125302,0.2,0.22222222,1,0.14125302,0.2,0,15.638672,7,0.8286133
245,1,0.28759766,0.59888536,0.66555095,0.14125302,0.2,0.2215909,1,0.14125302,0.2,0,15.629395,7,0.828125
246,1,0.28955078,0.59880614,0.66555417,0.14125302,0.2,0.22096318,1,0.14125302,0.2,0,15.640137,7,0.8276367
247,1,0.29052734,0.5986828,0.6655604,0.14125302,0.2,0.2197183,1,0.14125302,0.2,0,15.640137,7,0.82666016
248,1,0.29101563,0.59823275,0.6655636,0.14125302,0.2,0.21910113,1,0.14125302,0.2,0,15.646973,7,0.8261719
249,1,0.29296875,0.59811366,0.6655698,0.14125302,0.2,0.21787709,1,0.14125302,0.2,0,15.628418,7,0.8251953
250,1,0.29492188,0.59805465,0.6655728,0.14125302,0.2,0.2172702,1,0.14125302,0.2,0,15.604492,7,0.82470703
251,1,0.29589844,0.5979959,0.66557586,0.14125302,0.2,0.21666667,1,0.14125302,0.2,0,15.594727,7,0.82421875
252,1,0.29882813,0.5974969,0.66558194,0.14125302,0.2,0.21546961,1,0.14125302,0.2,0,15.604004,7,0.8232422
253,1,0.29882813,0.5978052,0.6655849,0.14125302,0.2,0.21487603,1,0.14125302,0.2,0,15.600586,7,0.8227539
254,1,0.2998047,0.5977478,0.6655879,0.14125302,0.2,0.21428572,1,0.14125302,0.2,0,15.586426,7,0.8222656
255,1,0.30371094,0.5973114,0.6655909,0.14125302,0.2,0.21369863,1,0.14125302,0.2,0,15.57666,7,0.82177734
256,1,0.3076172,0.5972002,0.6655968,0.14125302,0.2,0.21253406,1,0.14125302,0.2,0,15.577637,7,0.8208008
257,1,0.31054688,0.5970903,0.6656026,0.14125302,0.2,0.21138212,1,0.14125302,0.2,0,15.578125,7,0.8198242
258,1,0.31103516,0.5969816,0.66560835,0.14125302,0.2,0.21024258,1,0.14125302,0.2,0,15.587891,7,0.81884766
259,1,0.31298828,0.59840316,0.6655933,0.14125302,0.2,0.2123656,1,0.14125302,0.2,0,15.587891,7,0.8183594
260,1,0.3149414,0.5973153,0.66557837,0.14125302,0.2,0.20911528,1,0.14125302,0.2,0,15.581543,7,0.8178711
261,2,0.31689453,0.6015116,0.6655842,0.14125302,0.2,0.208,1,0.14125302,0.2,0,15.566406,7,0
262,2,0.31982422,0.6010994,0.66558707,0.14125302,0.2,0.20478724,1,0.14125302,0.2,0,15.557617,7,0
263,2,0.32128906,0.60080713,0.6655899,0.14125302,0.2,0.20424403,1,0.14125302,0.2,0,15.54248,7,0
264,2,0.3232422,0.60265523,0.6655928,0.14125302,0.2,0.20634921,1,0.14125302,0.2,0,15.532227,7,0
265,2,0.32421875,0.60174227,0.66559565,0.14125302,0.2,0.20580475,1,0.14125302,0.2,0,15.543457,7,0
266,2,0.3256836,0.600716,0.6655985,0.14125302,0.2,0.20526315,1,0.14125302,0.2,0,15.539551,7,0
267,2,0.32617188,0.60427195,0.6656041,0.14125302,0.2,0.20942408,1,0.14125302,0.2,0,15.54248,7,0
268,2,0.328125,0.6040617,0.6656041,0.14125302,0.2,0.20942408,1,0.14125302,0.2,0,15.550293,7,0
269,2,0.3310547,0.6071694,0.6659916,0.14125302,0.2,0.21354167,1,0.14125302,0.2,0,15.54834,7,0
270,2,0.33203125,0.6063425,0.66599333,0.14125302,0.2,0.212987,1,0.14125302,0.2,0,15.541016,7,0
271,2,0.3330078,0.6059131,0.66599506,0.14125302,0.2,0.21243523,1,0.14125302,0.2,0,15.529785,7,0
272,2,0.33447266,0.6054912,0.6659968,0.14125302,0.2,0.2118863,1,0.14125302,0.2,0,15.537598,7,0
273,2,0.33544922,0.60474473,0.66599846,0.14125302,0.2,0.2113402,1,0.14125302,0.2,0,15.532715,7,0
274,2,0.33642578,0.6021908,0.66599846,0.14125302,0.2,0.20876288,1,0.14125302,0.2,0,15.524414,7,0
275,2,0.33740234,0.60132855,0.6660002,0.14125302,0.2,0.20822622,1,0.14125302,0.2,0,15.513672,7,0
276,2,0.34033203,0.6011411,0.66600186,0.14125302,0.2,0.20769231,1,0.14125302,0.2,0,15.51709,7,0
277,2,0.34277344,0.60088766,0.6660035,0.14125302,0.2,0.20716113,1,0.14125302,0.2,0,15.513184,7,0
278,2,0.34375,0.60006386,0.6660035,0.14125302,0.2,0.20460358,1,0.14125302,0.2,0,15.507324,7,0
279,2,0.34472656,0.6015496,0.66600686,0.14125302,0.2,0.20610687,1,0.14125302,0.2,0,15.507324,7,0
280,2,0.3461914,0.6030031,0.66601014,0.14125302,0.2,0.20759493,1,0.14125302,0.2,0,15.509277,7,0
281,2,0.34814453,0.60281485,0.66601014,0.14125302,0.2,0.20759493,1,0.14125302,0.2,0,15.520508,7,0
282,2,0.3491211,0.6025496,0.6660117,0.14125302,0.2,0.20707071,1,0.14125302,0.2,0,15.512695,7,0
283,2,0.35009766,0.6021817,0.6660149,0.14125302,0.2,0.20603015,1,0.14125302,0.2,0,15.514648,7,0
284,2,0.35107422,0.602,0.6660165,0.14125302,0.2,0.20551379,1,0.14125302,0.2,0,15.504395,7,0
285,2,0.3540039,0.60164106,0.66601974,0.14125302,0.2,0.20448878,1,0.14125302,0.2,0,15.498047,7,0
286,2,0.35498047,0.6013699,0.6658906,0.14125302,0.2,0.20595534,1,0.14125302,0.2,0,15.499023,7,0
287,2,0.35742188,0.60275674,0.665845,0.14125302,0.2,0.2074074,1,0.14125302,0.2,0,15.495605,7,0
288,2,0.35888672,0.6058919,0.6658489,0.14125302,0.2,0.2113022,1,0.14125302,0.2,0,15.483398,7,0
289,2,0.36083984,0.6055135,0.66585094,0.14125302,0.2,0.21078432,1,0.14125302,0.2,0,15.484375,7,0
290,2,0.3618164,0.6054515,0.66585094,0.14125302,0.2,0.21078432,1,0.14125302,0.2,0,15.483887,7,0
291,2,0.36376953,0.6069965,0.6658529,0.14125302,0.2,0.21271394,1,0.14125302,0.2,0,15.462402,7,0
292,2,0.3647461,0.60997736,0.6658568,0.14125302,0.2,0.21654502,1,0.14125302,0.2,0,15.449707,7,0
293,2,0.36669922,0.6114554,0.66585875,0.14125302,0.2,0.2184466,1,0.14125302,0.2,0,15.441895,7,0
294,2,0.3671875,0.6106295,0.66586065,0.14125302,0.2,0.21791768,1,0.14125302,0.2,0,15.435547,7,0
295,2,0.36767578,0.60970825,0.6658645,0.14125302,0.2,0.21686748,1,0.14125302,0.2,0,15.450195,7,0
296,2,0.37060547,0.6078381,0.66586643,0.14125302,0.2,0.2139423,1,0.14125302,0.2,0,15.444824,7,0
297,2,0.37158203,0.60746074,0.6658683,0.14125302,0.2,0.21342926,1,0.14125302,0.2,0,15.441895,7,0
298,2,0.37353516,0.6074335,0.6658683,0.14125302,0.2,0.21342926,1,0.14125302,0.2,0,15.424805,7,0
299,2,0.37402344,0.60655344,0.6658721,0.14125302,0.2,0.2124105,1,0.14125302,0.2,0,15.416992,7,0
300,2,0.37695313,0.6093748,0.66587394,0.14125302,0.2,0.21428572,1,0.14125302,0.2,0,15.418457,7,0
301,2,0.3774414,0.60872406,0.6659994,0.14125302,0.2,0.2124105,1,0.14125302,0.2,0,15.42334,7,0
302,2,0.37841797,0.60865355,0.6659994,0.14125302,0.2,0.2124105,1,0.14125302,0.2,0,15.407227,7,0
303,2,0.37841797,0.6079625,0.6659994,0.14125302,0.2,0.2124105,1,0.14125302,0.2,0,15.397949,7,0
304,2,0.37939453,0.6093904,0.6659994,0.14125302,0.2,0.2124105,1,0.14125302,0.2,0,15.396484,7,0
305,2,0.38134766,0.60880584,0.6659994,0.14125302,0.2,0.2124105,1,0.14125302,0.2,0,15.382324,7,0
306,2,0.38232422,0.6084339,0.6660025,0.14125302,0.2,0.21140142,1,0.14125302,0.2,0,15.376953,7,0
307,2,0.3828125,0.6075754,0.6660056,0.14125302,0.2,0.2104019,1,0.14125302,0.2,0,15.370605,7,0
308,2,0.38476563,0.61021596,0.66594595,0.14125302,0.2,0.21411765,1,0.14125302,0.2,0,15.347168,7,0
309,2,0.38671875,0.6080893,0.6659946,0.14125302,0.2,0.2112676,1,0.14125302,0.2,0,15.334961,7,0
310,2,0.38720703,0.60742503,0.6659946,0.14125302,0.2,0.2112676,1,0.14125302,0.2,0,15.341309,7,0
311,2,0.3881836,0.6067095,0.66599613,0.14125302,0.2,0.21077283,1,0.14125302,0.2,0,15.349609,7,0
312,2,0.38916016,0.60746527,0.6659977,0.14125302,0.2,0.21028037,1,0.14125302,0.2,0,15.353516,7,0
313,2,0.38964844,0.6071312,0.6660613,0.14125302,0.2,0.20979021,1,0.14125302,0.2,0,15.345703,7,0
314,2,0.39160156,0.60678667,0.66606265,0.14125302,0.2,0.20930232,1,0.14125302,0.2,0,15.331543,7,0
315,2,0.39257813,0.60597557,0.66606545,0.14125302,0.2,0.20833333,1,0.14125302,0.2,0,15.319336,7,0
316,2,0.39404297,0.60480535,0.66606814,0.14125302,0.2,0.20737328,1,0.14125302,0.2,0,15.333008,7,0
317,2,0.39501953,0.60473996,0.66606814,0.14125302,0.2,0.20737328,1,0.14125302,0.2,0,15.323242,7,0
318,2,0.3959961,0.60602546,0.6660695,0.14125302,0.2,0.2091954,1,0.14125302,0.2,0,15.322754,7,0
319,2,0.39794922,0.6056967,0.6660709,0.14125302,0.2,0.2087156,1,0.14125302,0.2,0,15.312988,7,0
320,2,0.4008789,0.6036428,0.66468847,0.049540445,0.06,0.20776255,2,0.049540445,0.06,0,15.301758,6,0
